trade_date,date,ts_code,qfq_open,qfq_high,qfq_low,qfq_close,tr,n_20,n_for_signal,entry_high_20,exit_low_10,breakout_long,exit_long,stop_long,stop_price,target_units,position_units,shares,cash,trade_action,trade_reason,signal_date,execution_date,execution_price,trade_value,fee,slippage_cost,portfolio_value,strategy_return,benchmark_value,benchmark_return,drawdown,instrument_key,company_key,market,exchange,currency,open,high,low,close,pre_close,change,pct_chg,vol,amount,adj_factor,qfq_pre_close,qfq_change,qfq_pct_chg,signal,running_max
20250703,2025-07-03,00981.HK,43.65,44.65,43.15,43.3,1.5,,,,,False,False,False,,0,0,0.0,100000.0,HOLD,,,,,0.0,0.0,0.0,100000.0,0.0,,0.0,0.0,smic_h,smic,HK-share,HKEX,HKD,43.65,44.65,43.15,43.3,43.3,0.0,0.0,78532958,,1,43.3,0.0,0.0,0,100000.0
20250704,2025-07-04,00981.HK,43.1,44.8,41.5,43.95,3.299999999999997,,,,,False,False,False,,0,0,0.0,100000.0,HOLD,,,,,0.0,0.0,0.0,100000.0,0.0,,0.0,0.0,smic_h,smic,HK-share,HKEX,HKD,43.1,44.8,41.5,43.95,43.3,0.65,1.5012,124680391,,1,43.3,0.65,1.5012,0,100000.0
20250707,2025-07-07,00981.HK,44.3,45.0,43.7,44.3,1.2999999999999972,,,,,False,False,False,,0,0,0.0,100000.0,HOLD,,,,,0.0,0.0,0.0,100000.0,0.0,,0.0,0.0,smic_h,smic,HK-share,HKEX,HKD,44.3,45.0,43.7,44.3,43.95,0.35,0.7964,58889473,,1,43.95,0.35,0.7964,0,100000.0
20250708,2025-07-08,00981.HK,44.65,45.9,44.45,45.65,1.6000000000000014,,,,,False,False,False,,0,0,0.0,100000.0,HOLD,,,,,0.0,0.0,0.0,100000.0,0.0,,0.0,0.0,smic_h,smic,HK-share,HKEX,HKD,44.65,45.9,44.45,45.65,44.3,1.35,3.0474,68833165,,1,44.3,1.35,3.0474,0,100000.0
20250709,2025-07-09,00981.HK,45.65,45.7,44.4,44.65,1.3000000000000043,,,,,False,False,False,,0,0,0.0,100000.0,HOLD,,,,,0.0,0.0,0.0,100000.0,0.0,,0.0,0.0,smic_h,smic,HK-share,HKEX,HKD,45.65,45.7,44.4,44.65,45.65,-1.0,-2.1906,48918407,,1,45.65,-1.0,-2.1906,0,100000.0
20250710,2025-07-10,00981.HK,44.75,45.4,44.5,44.95,0.8999999999999986,,,,,False,False,False,,0,0,0.0,100000.0,HOLD,,,,,0.0,0.0,0.0,100000.0,0.0,,0.0,0.0,smic_h,smic,HK-share,HKEX,HKD,44.75,45.4,44.5,44.95,44.65,0.3,0.6719,39808214,,1,44.65,0.3,0.6719,0,100000.0
20250711,2025-07-11,00981.HK,44.75,46.85,44.75,45.95,2.1000000000000014,,,,,False,False,False,,0,0,0.0,100000.0,HOLD,,,,,0.0,0.0,0.0,100000.0,0.0,,0.0,0.0,smic_h,smic,HK-share,HKEX,HKD,44.75,46.85,44.75,45.95,44.95,1.0,2.2247,83344868,,1,44.95,1.0,2.2247,0,100000.0
20250714,2025-07-14,00981.HK,46.2,47.0,45.7,46.45,1.2999999999999972,,,,,False,False,False,,0,0,0.0,100000.0,HOLD,,,,,0.0,0.0,0.0,100000.0,0.0,,0.0,0.0,smic_h,smic,HK-share,HKEX,HKD,46.2,47.0,45.7,46.45,45.95,0.5,1.0881,54314874,,1,45.95,0.5,1.0881,0,100000.0
20250715,2025-07-15,00981.HK,46.4,47.1,44.9,45.6,2.200000000000003,,,,,False,False,False,,0,0,0.0,100000.0,HOLD,,,,,0.0,0.0,0.0,100000.0,0.0,,0.0,0.0,smic_h,smic,HK-share,HKEX,HKD,46.4,47.1,44.9,45.6,46.45,-0.85,-1.8299,92558441,,1,46.45,-0.85,-1.8299,0,100000.0
20250716,2025-07-16,00981.HK,45.35,46.45,44.55,45.4,1.9000000000000057,,,,,False,False,False,,0,0,0.0,100000.0,HOLD,,,,,0.0,0.0,0.0,100000.0,0.0,,0.0,0.0,smic_h,smic,HK-share,HKEX,HKD,45.35,46.45,44.55,45.4,45.6,-0.2,-0.4386,58314723,,1,45.6,-0.2,-0.4386,0,100000.0
20250717,2025-07-17,00981.HK,45.6,46.55,45.15,46.3,1.3999999999999986,,,,41.5,False,False,False,,0,0,0.0,100000.0,HOLD,,,,,0.0,0.0,0.0,100000.0,0.0,,0.0,0.0,smic_h,smic,HK-share,HKEX,HKD,45.6,46.55,45.15,46.3,45.4,0.9,1.9824,56836441,,1,45.4,0.9,1.9824,0,100000.0
20250718,2025-07-18,00981.HK,46.7,47.35,45.95,47.1,1.3999999999999986,,,,41.5,False,False,False,,0,0,0.0,100000.0,HOLD,,,,,0.0,0.0,0.0,100000.0,0.0,,0.0,0.0,smic_h,smic,HK-share,HKEX,HKD,46.7,47.35,45.95,47.1,46.3,0.8,1.7279,63008978,,1,46.3,0.8,1.7279,0,100000.0
20250721,2025-07-21,00981.HK,47.45,48.0,46.6,47.25,1.3999999999999986,,,,43.7,False,False,False,,0,0,0.0,100000.0,HOLD,,,,,0.0,0.0,0.0,100000.0,0.0,,0.0,0.0,smic_h,smic,HK-share,HKEX,HKD,47.45,48.0,46.6,47.25,47.1,0.15,0.3185,57525367,,1,47.1,0.15,0.3185,0,100000.0
20250722,2025-07-22,00981.HK,47.5,49.2,47.1,48.55,2.1000000000000014,,,,44.4,False,False,False,,0,0,0.0,100000.0,HOLD,,,,,0.0,0.0,0.0,100000.0,0.0,,0.0,0.0,smic_h,smic,HK-share,HKEX,HKD,47.5,49.2,47.1,48.55,47.25,1.3,2.7513,101030803,,1,47.25,1.3,2.7513,0,100000.0
20250723,2025-07-23,00981.HK,49.25,49.3,47.9,48.75,1.3999999999999986,,,,44.4,False,False,False,,0,0,0.0,100000.0,HOLD,,,,,0.0,0.0,0.0,100000.0,0.0,,0.0,0.0,smic_h,smic,HK-share,HKEX,HKD,49.25,49.3,47.9,48.75,48.55,0.2,0.4119,72702914,,1,48.55,0.2,0.4119,0,100000.0
20250724,2025-07-24,00981.HK,48.95,51.6,48.75,50.25,2.8500000000000014,,,,44.5,False,False,False,,0,0,0.0,100000.0,HOLD,,,,,0.0,0.0,0.0,100000.0,0.0,,0.0,0.0,smic_h,smic,HK-share,HKEX,HKD,48.95,51.6,48.75,50.25,48.75,1.5,3.0769,139872459,,1,48.75,1.5,3.0769,0,100000.0
20250725,2025-07-25,00981.HK,50.4,53.8,50.2,52.75,3.5999999999999943,,,,44.55,False,False,False,,0,0,0.0,100000.0,HOLD,,,,,0.0,0.0,0.0,100000.0,0.0,,0.0,0.0,smic_h,smic,HK-share,HKEX,HKD,50.4,53.8,50.2,52.75,50.25,2.5,4.9751,145837338,,1,50.25,2.5,4.9751,0,100000.0
20250728,2025-07-28,00981.HK,53.55,53.55,52.0,53.1,1.5499999999999972,,,,44.55,False,False,False,,0,0,0.0,100000.0,HOLD,,,,,0.0,0.0,0.0,100000.0,0.0,,0.0,0.0,smic_h,smic,HK-share,HKEX,HKD,53.55,53.55,52.0,53.1,52.75,0.35,0.6635,81890865,,1,52.75,0.35,0.6635,0,100000.0
20250729,2025-07-29,00981.HK,53.1,53.45,51.55,53.35,1.9000000000000057,,,,44.55,False,False,False,,0,0,0.0,100000.0,HOLD,,,,,0.0,0.0,0.0,100000.0,0.0,,0.0,0.0,smic_h,smic,HK-share,HKEX,HKD,53.1,53.45,51.55,53.35,53.1,0.25,0.4708,67956748,,1,53.1,0.25,0.4708,0,100000.0
20250730,2025-07-30,00981.HK,52.65,52.65,50.0,50.2,3.3500000000000014,1.9175,,,44.55,False,False,False,,0,0,0.0,100000.0,HOLD,,,,,0.0,0.0,0.0,100000.0,0.0,,0.0,0.0,smic_h,smic,HK-share,HKEX,HKD,52.65,52.65,50.0,50.2,53.35,-3.15,-5.9044,118943656,,1,53.35,-3.15,-5.9044,0,100000.0
20250731,2025-07-31,00981.HK,50.0,52.95,49.1,51.1,3.8500000000000014,2.014125,1.9175,53.8,45.15,False,False,False,,0,0,0.0,100000.0,HOLD,,,,,0.0,0.0,0.0,100000.0,0.0,100000.0,0.0,0.0,smic_h,smic,HK-share,HKEX,HKD,50.0,52.95,49.1,51.1,50.2,0.9,1.7928,104907136,,1,50.2,0.9,1.7928,0,100000.0
20250801,2025-08-01,00981.HK,51.1,52.3,49.9,50.05,2.3999999999999986,2.03341875,2.014125,53.8,45.95,False,False,False,,0,0,0.0,100000.0,HOLD,,,,,0.0,0.0,0.0,100000.0,0.0,97945.20547945205,-0.020547945205479534,0.0,smic_h,smic,HK-share,HKEX,HKD,51.1,52.3,49.9,50.05,51.1,-1.05,-2.0548,65840725,,1,51.1,-1.05,-2.0548,0,100000.0
20250804,2025-08-04,00981.HK,49.8,51.75,49.8,51.5,1.9500000000000028,2.0292478125000004,2.03341875,53.8,46.6,False,False,False,,0,0,0.0,100000.0,HOLD,,,,,0.0,0.0,0.0,100000.0,0.0,100782.77886497065,0.02897102897102899,0.0,smic_h,smic,HK-share,HKEX,HKD,49.8,51.75,49.8,51.5,50.05,1.45,2.8971,53873828,,1,50.05,1.45,2.8971,0,100000.0
20250805,2025-08-05,00981.HK,51.6,52.7,50.5,51.0,2.200000000000003,2.0377854218750007,2.0292478125000004,53.8,47.1,False,False,False,,0,0,0.0,100000.0,HOLD,,,,,0.0,0.0,0.0,100000.0,0.0,99804.30528375733,-0.009708737864077777,0.0,smic_h,smic,HK-share,HKEX,HKD,51.6,52.7,50.5,51.0,51.5,-0.5,-0.9709,69595649,,1,51.5,-0.5,-0.9709,0,100000.0
20250806,2025-08-06,00981.HK,51.25,52.95,50.5,52.6,2.450000000000003,2.0583961507812507,2.0377854218750007,53.8,47.9,False,False,False,,0,0,0.0,100000.0,HOLD,,,,,0.0,0.0,0.0,100000.0,0.0,102935.42074363992,0.03137254901960773,0.0,smic_h,smic,HK-share,HKEX,HKD,51.25,52.95,50.5,52.6,51.0,1.6,3.1373,72245201,,1,51.0,1.6,3.1373,0,100000.0
20250807,2025-08-07,00981.HK,52.55,54.7,51.85,53.0,2.8500000000000014,2.0979763432421885,2.0583961507812507,53.8,48.75,False,False,False,,0,0,0.0,100000.0,HOLD,,,,,0.0,0.0,0.0,100000.0,0.0,103718.19960861056,0.0076045627376426506,0.0,smic_h,smic,HK-share,HKEX,HKD,52.55,54.7,51.85,53.0,52.6,0.4,0.7605000000000001,90416223,,1,52.6,0.4,0.7605,0,100000.0
20250808,2025-08-08,00981.HK,51.0,51.3,48.5,48.66,4.5,2.218077526080079,2.0979763432421885,54.7,49.1,False,True,False,,0,0,0.0,100000.0,HOLD,,,,,0.0,0.0,0.0,100000.0,0.0,95225.04892367906,-0.08188679245283015,0.0,smic_h,smic,HK-share,HKEX,HKD,51.0,51.3,48.5,48.66,53.0,-4.34,-8.1887,218640904,,1,53.0,-4.34,-8.1887,-1,100000.0
20250811,2025-08-11,00981.HK,49.04,49.24,47.14,48.7,2.1000000000000014,2.2121736497760756,2.218077526080079,54.7,48.5,False,False,False,,0,0,0.0,100000.0,HOLD,,,,,0.0,0.0,0.0,100000.0,0.0,95303.32681017612,0.0008220304151254076,0.0,smic_h,smic,HK-share,HKEX,HKD,49.04,49.24,47.14,48.7,48.66,0.04,0.0822,109296429,,1,48.66,0.04,0.0822,0,100000.0
20250812,2025-08-12,00981.HK,48.86,51.55,48.2,51.15,3.3499999999999943,2.269064967287272,2.2121736497760756,54.7,47.14,False,False,False,,0,0,0.0,100000.0,HOLD,,,,,0.0,0.0,0.0,100000.0,0.0,100097.84735812133,0.050308008213552524,0.0,smic_h,smic,HK-share,HKEX,HKD,48.86,51.55,48.2,51.15,48.7,2.45,5.0308,112240544,,1,48.7,2.45,5.0308,0,100000.0
20250813,2025-08-13,00981.HK,51.25,52.1,50.95,52.05,1.1499999999999986,2.213111718922908,2.269064967287272,54.7,47.14,False,False,False,,0,0,0.0,100000.0,HOLD,,,,,0.0,0.0,0.0,100000.0,0.0,101859.09980430528,0.017595307917888547,0.0,smic_h,smic,HK-share,HKEX,HKD,51.25,52.1,50.95,52.05,51.15,0.9,1.7595,83959625,,1,51.15,0.9,1.7595,0,100000.0
20250814,2025-08-14,00981.HK,52.5,54.4,51.85,52.0,2.549999999999997,2.2299561329767625,2.213111718922908,54.7,47.14,False,False,False,,0,0,0.0,100000.0,HOLD,,,,,0.0,0.0,0.0,100000.0,0.0,101761.25244618395,-0.0009606147934678733,0.0,smic_h,smic,HK-share,HKEX,HKD,52.5,54.4,51.85,52.0,52.05,-0.05,-0.0961,115170190,,1,52.05,-0.05,-0.0961,0,100000.0
20250815,2025-08-15,00981.HK,51.75,53.2,51.45,52.75,1.75,2.2059583263279245,2.2299561329767625,54.7,47.14,False,False,False,,0,0,0.0,100000.0,HOLD,,,,,0.0,0.0,0.0,100000.0,0.0,103228.96281800391,0.014423076923076872,0.0,smic_h,smic,HK-share,HKEX,HKD,51.75,53.2,51.45,52.75,52.0,0.75,1.4423,80095392,,1,52.0,0.75,1.4423,0,100000.0
20250818,2025-08-18,00981.HK,53.5,53.8,51.75,51.8,2.049999999999997,2.198160410011528,2.2059583263279245,54.7,47.14,False,False,False,,0,0,0.0,100000.0,HOLD,,,,,0.0,0.0,0.0,100000.0,0.0,101369.86301369863,-0.018009478672985746,0.0,smic_h,smic,HK-share,HKEX,HKD,53.5,53.8,51.75,51.8,52.75,-0.95,-1.8009,80816682,,1,52.75,-0.95,-1.8009,0,100000.0
20250819,2025-08-19,00981.HK,51.85,52.15,49.66,50.05,2.490000000000002,2.2127523895109515,2.198160410011528,54.7,47.14,False,False,False,,0,0,0.0,100000.0,HOLD,,,,,0.0,0.0,0.0,100000.0,0.0,97945.20547945205,-0.03378378378378388,0.0,smic_h,smic,HK-share,HKEX,HKD,51.85,52.15,49.66,50.05,51.8,-1.75,-3.3784,77786478,,1,51.8,-1.75,-3.3784,0,100000.0
20250820,2025-08-20,00981.HK,49.5,52.55,49.4,51.75,3.1499999999999986,2.259614770035404,2.2127523895109515,54.7,47.14,False,False,False,,0,0,0.0,100000.0,HOLD,,,,,0.0,0.0,0.0,100000.0,0.0,101272.0156555773,0.033966033966033926,0.0,smic_h,smic,HK-share,HKEX,HKD,49.5,52.55,49.4,51.75,50.05,1.7,3.3966,106235006,,1,50.05,1.7,3.3966,0,100000.0
20250821,2025-08-21,00981.HK,51.85,53.05,50.9,51.7,2.1499999999999986,2.2541340315336336,2.259614770035404,54.7,47.14,False,False,False,,0,0,0.0,100000.0,HOLD,,,,,0.0,0.0,0.0,100000.0,0.0,101174.16829745597,-0.0009661835748792091,0.0,smic_h,smic,HK-share,HKEX,HKD,51.85,53.05,50.9,51.7,51.75,-0.05,-0.0966,67561130,,1,51.75,-0.05,-0.0966,0,100000.0
20250822,2025-08-22,00981.HK,52.85,57.5,52.7,56.9,5.799999999999997,2.4314273299569518,2.2541340315336336,54.7,47.14,True,False,False,,0,0,0.0,100000.0,HOLD,,,,,0.0,0.0,0.0,100000.0,0.0,111350.29354207436,0.10058027079303677,0.0,smic_h,smic,HK-share,HKEX,HKD,52.85,57.5,52.7,56.9,51.7,5.2,10.058,296455102,,1,51.7,5.2,10.058,1,100000.0
20250825,2025-08-25,00981.HK,58.45,61.75,56.0,57.8,5.75,2.597355963459104,2.4314273299569518,57.5,47.14,True,False,False,53.97095693693273,1,1,221.81467162350484,87015.47835973777,BUY,20-day high breakout,2025-08-22,2025-08-25,58.479225,12971.550090172055,12.971550090172055,6.482533778196929,99836.36637957634,-0.0016363362042365326,113111.54598825831,0.01581722319859402,-0.0016363362042365326,smic_h,smic,HK-share,HKEX,HKD,58.45,61.75,56.0,57.8,56.9,0.9,1.5817,235311070,,1,56.9,0.9,1.5817,1,100000.0
20250826,2025-08-26,00981.HK,57.0,57.45,55.4,56.2,2.3999999999999986,2.587488165286149,2.597355963459104,61.75,48.2,False,False,False,53.97095693693273,1,1,221.81467162350484,87015.47835973777,HOLD,,,,,0.0,0.0,0.0,99481.46290497875,-0.0035548516784781325,109980.43052837573,-0.02768166089965396,-0.005185370950212542,smic_h,smic,HK-share,HKEX,HKD,57.0,57.45,55.4,56.2,57.8,-1.6,-2.7682,104068446,,1,57.8,-1.6,-2.7682,0,100000.0
20250827,2025-08-27,00981.HK,57.0,60.3,55.75,56.25,4.549999999999997,2.6856137570218412,2.587488165286149,61.75,49.4,False,False,False,53.97095693693273,1,1,221.81467162350484,87015.47835973777,HOLD,,,,,0.0,0.0,0.0,99492.55363855991,0.00011148542911709747,110078.27788649706,0.000889679715302405,-0.0050744636144008926,smic_h,smic,HK-share,HKEX,HKD,57.0,60.3,55.75,56.25,56.2,0.05,0.089,221959736,,1,56.2,0.05,0.089,0,100000.0
20250828,2025-08-28,00981.HK,57.0,62.8,56.65,62.3,6.549999999999997,2.878833069170749,2.6856137570218412,61.75,49.4,True,False,False,53.97095693693273,1,1,221.81467162350484,87015.47835973777,HOLD,,,,,0.0,0.0,0.0,100834.53240188211,0.013488233181725207,121917.80821917808,0.10755555555555563,0.0,smic_h,smic,HK-share,HKEX,HKD,57.0,62.8,56.65,62.3,56.25,6.05,10.7556,328184511,,1,56.25,6.05,10.7556,1,100834.53240188211
20250829,2025-08-29,00981.HK,62.25,62.25,59.9,60.7,2.3999999999999986,2.854891415712211,2.878833069170749,62.8,49.4,False,False,False,53.97095693693273,1,1,221.81467162350484,87015.47835973777,HOLD,,,,,0.0,0.0,0.0,100479.62892728452,-0.0035196620259327904,118786.69275929549,-0.025682182985553914,-0.0035196620259327904,smic_h,smic,HK-share,HKEX,HKD,62.25,62.25,59.9,60.7,62.3,-1.6,-2.5682,138500782,,1,62.3,-1.6,-2.5682,0,100834.53240188211
20250901,2025-09-01,00981.HK,64.75,65.65,60.55,63.65,5.1000000000000085,2.967146844926601,2.854891415712211,62.8,49.4,True,False,False,53.97095693693273,1,1,221.81467162350484,87015.47835973777,HOLD,,,,,0.0,0.0,0.0,101133.98220857386,0.006512297948103374,124559.686888454,0.04859967051070835,0.0,smic_h,smic,HK-share,HKEX,HKD,64.75,65.65,60.55,63.65,60.7,2.95,4.86,188898351,,1,60.7,2.95,4.86,1,101133.98220857386
20250902,2025-09-02,00981.HK,63.8,64.1,58.75,60.7,5.349999999999994,3.0862895026802706,2.967146844926601,65.65,49.4,False,False,False,53.97095693693273,1,1,221.81467162350484,87015.47835973777,HOLD,,,,,0.0,0.0,0.0,100479.62892728452,-0.00647016232328157,118786.69275929549,-0.0463472113118617,-0.00647016232328157,smic_h,smic,HK-share,HKEX,HKD,63.8,64.1,58.75,60.7,63.65,-2.95,-4.6347,189292322,,1,63.65,-2.95,-4.6347,0,101133.98220857386
20250903,2025-09-03,00981.HK,61.85,62.1,59.35,60.0,2.75,3.069475027546257,3.0862895026802706,65.65,49.4,False,False,False,53.97095693693273,1,1,221.81467162350484,87015.47835973777,HOLD,,,,,0.0,0.0,0.0,100324.35865714806,-0.0015452910385330698,117416.82974559687,-0.011532125205930721,-0.008005455077958579,smic_h,smic,HK-share,HKEX,HKD,61.85,62.1,59.35,60.0,60.7,-0.7000000000000001,-1.1532,81425532,,1,60.7,-0.7,-1.1532,0,101133.98220857386
20250904,2025-09-04,00981.HK,60.2,60.8,55.35,56.0,5.449999999999996,3.1885012761689437,3.069475027546257,65.65,50.9,False,False,False,53.97095693693273,1,1,221.81467162350484,87015.47835973777,HOLD,,,,,0.0,0.0,0.0,99437.09997065403,-0.008843900906719715,109589.04109589041,-0.06666666666666665,-0.016778556533255662,smic_h,smic,HK-share,HKEX,HKD,60.2,60.8,55.35,56.0,60.0,-4.0,-6.6667,187841288,,1,60.0,-4.0,-6.6667,0,101133.98220857386
20250905,2025-09-05,00981.HK,56.8,60.2,56.3,58.7,4.200000000000003,3.239076212360497,3.1885012761689437,65.65,52.7,False,False,False,53.97095693693273,1,1,221.81467162350484,87015.47835973777,HOLD,,,,,0.0,0.0,0.0,100035.9995840375,0.006022899034266116,114872.79843444227,0.048214285714285765,-0.010856713050930056,smic_h,smic,HK-share,HKEX,HKD,56.8,60.2,56.3,58.7,56.0,2.7,4.8214,158505131,,1,56.0,2.7,4.8214,0,101133.98220857386
20250908,2025-09-08,00981.HK,58.7,58.8,56.65,58.15,2.1499999999999986,3.1846224017424722,3.239076212360497,65.65,55.35,False,False,False,53.97095693693273,1,1,221.81467162350484,87015.47835973777,HOLD,,,,,0.0,0.0,0.0,99914.00151464458,-0.0012195416640030654,113796.47749510763,-0.009369676320272635,-0.012063014501033309,smic_h,smic,HK-share,HKEX,HKD,58.7,58.8,56.65,58.15,58.7,-0.55,-0.937,97043391,,1,58.7,-0.55,-0.937,0,101133.98220857386
20250909,2025-09-09,00981.HK,58.0,60.65,56.0,58.25,4.649999999999999,3.2578912816553482,3.1846224017424722,65.65,55.35,False,False,False,53.97095693693273,1,1,221.81467162350484,87015.47835973777,HOLD,,,,,0.0,0.0,0.0,99936.18298180692,0.00022200559307083978,113992.17221135029,0.0017196904557179593,-0.01184368696465099,smic_h,smic,HK-share,HKEX,HKD,58.0,60.65,56.0,58.25,58.15,0.1,0.172,120101934,,1,58.15,0.1,0.172,0,101133.98220857386
20250910,2025-09-10,00981.HK,58.7,60.95,58.7,60.35,2.700000000000003,3.229996717572581,3.2578912816553482,65.65,55.35,False,False,False,53.97095693693273,1,1,221.81467162350484,87015.47835973777,HOLD,,,,,0.0,0.0,0.0,100401.9937922163,0.004661082668067973,118101.76125244619,0.0360515021459229,-0.007237808700619963,smic_h,smic,HK-share,HKEX,HKD,58.7,60.95,58.7,60.35,58.25,2.1,3.6051,90346929,,1,58.25,2.1,3.6052,0,101133.98220857386
20250911,2025-09-11,00981.HK,60.1,64.45,59.4,63.35,5.050000000000004,3.320996881693952,3.229996717572581,65.65,55.35,False,False,False,53.97095693693273,1,1,221.81467162350484,87015.47835973777,HOLD,,,,,0.0,0.0,0.0,101067.4378070868,0.006627796816940146,123972.60273972602,0.049710024855012414,-0.0006579826091474006,smic_h,smic,HK-share,HKEX,HKD,60.1,64.45,59.4,63.35,60.35,3.0,4.971,134823644,,1,60.35,3.0,4.971,0,101133.98220857386
20250912,2025-09-12,00981.HK,64.2,65.0,62.1,62.75,2.8999999999999986,3.299947037609255,3.320996881693952,65.65,55.35,False,False,False,53.97095693693273,1,1,221.81467162350484,87015.47835973777,HOLD,,,,,0.0,0.0,0.0,100934.3490041127,-0.0013168316706330119,122798.43444227005,-0.009471191791633804,-0.0019739478274418687,smic_h,smic,HK-share,HKEX,HKD,64.2,65.0,62.1,62.75,63.35,-0.6000000000000001,-0.9471,103139295,,1,63.35,-0.6,-0.9471,0,101133.98220857386
20250915,2025-09-15,00981.HK,63.65,64.5,62.55,63.0,1.9500000000000028,3.2324496857287928,3.299947037609255,65.65,55.35,False,False,False,53.97095693693273,1,1,221.81467162350484,87015.47835973777,HOLD,,,,,0.0,0.0,0.0,100989.80267201857,0.0005494033344746185,123287.6712328767,0.003984063745019917,-0.001425628986485794,smic_h,smic,HK-share,HKEX,HKD,63.65,64.5,62.55,63.0,62.75,0.25,0.3984,64804768,,1,62.75,0.25,0.3984,0,101133.98220857386
20250916,2025-09-16,00981.HK,63.1,64.2,61.95,63.2,2.25,3.1833272014423533,3.2324496857287928,65.65,55.35,False,False,False,53.97095693693273,1,1,221.81467162350484,87015.47835973777,HOLD,,,,,0.0,0.0,0.0,101034.16560634327,0.0004392813249549654,123679.06066536203,0.0031746031746031633,-0.0009869739137209343,smic_h,smic,HK-share,HKEX,HKD,63.1,64.2,61.95,63.2,63.0,0.2,0.3175,76132007,,1,63.0,0.2,0.3175,0,101133.98220857386
20250917,2025-09-17,00981.HK,64.3,67.8,63.7,67.7,4.599999999999994,3.254160841370235,3.1833272014423533,65.65,55.35,True,False,False,53.97095693693273,1,1,221.81467162350484,87015.47835973777,HOLD,,,,,0.0,0.0,0.0,102032.33162864904,0.009879489936056807,132485.3228962818,0.07120253164556978,0.0,smic_h,smic,HK-share,HKEX,HKD,64.3,67.8,63.7,67.7,63.2,4.5,7.1202,169646110,,1,63.2,4.5,7.1203,1,102032.33162864904
20250918,2025-09-18,00981.HK,68.55,73.3,67.7,69.5,5.599999999999994,3.3714527993017227,3.254160841370235,67.8,55.35,True,False,False,53.97095693693273,1,1,221.81467162350484,87015.47835973777,HOLD,,,,,0.0,0.0,0.0,102431.59803757136,0.003913136184865884,136007.8277886497,0.026587887740029403,0.0,smic_h,smic,HK-share,HKEX,HKD,68.55,73.3,67.7,69.5,67.7,1.8,2.6588,243974812,,1,67.7,1.8,2.6588,1,102431.59803757136
20250919,2025-09-19,00981.HK,71.1,72.5,68.65,69.75,3.8499999999999943,3.3953801593366366,3.3714527993017227,73.3,56.0,False,False,False,53.97095693693273,1,1,221.81467162350484,87015.47835973777,HOLD,,,,,0.0,0.0,0.0,102487.05170547724,0.000541372671795548,136497.06457925634,0.003597122302158251,0.0,smic_h,smic,HK-share,HKEX,HKD,71.1,72.5,68.65,69.75,69.5,0.25,0.3597,151250095,,1,69.5,0.25,0.3597,0,102487.05170547724
20250922,2025-09-22,00981.HK,69.75,74.05,69.05,73.35,5.0,3.4756111513698045,3.3953801593366366,73.3,56.0,True,False,False,53.97095693693273,1,1,221.81467162350484,87015.47835973777,HOLD,,,,,0.0,0.0,0.0,103285.58452332184,0.0077915483425106125,143542.07436399214,0.05161290322580636,0.0,smic_h,smic,HK-share,HKEX,HKD,69.75,74.05,69.05,73.35,69.75,3.6,5.1613,136569630,,1,69.75,3.6,5.1613,1,103285.58452332184
20250923,2025-09-23,00981.HK,74.05,74.7,70.25,72.6,4.450000000000003,3.5243305938013143,3.4756111513698045,74.05,56.0,False,False,False,53.97095693693273,1,1,221.81467162350484,87015.47835973777,HOLD,,,,,0.0,0.0,0.0,103119.22351960422,-0.0016106894731283683,142074.36399217218,-0.010224948875255602,-0.0016106894731283683,smic_h,smic,HK-share,HKEX,HKD,74.05,74.7,70.25,72.6,73.35,-0.75,-1.0225,135366490,,1,73.35,-0.75,-1.0225,0,103285.58452332184
20250924,2025-09-24,00981.HK,72.8,78.25,72.15,76.75,6.099999999999994,3.6531140641112487,3.5243305938013143,74.7,58.7,True,False,False,53.97095693693273,1,1,221.81467162350484,87015.47835973777,HOLD,,,,,0.0,0.0,0.0,104039.75440684176,0.008926860150983762,150195.69471624267,0.05716253443526198,0.0,smic_h,smic,HK-share,HKEX,HKD,72.8,78.25,72.15,76.75,72.6,4.15,5.7163,150321829,,1,72.6,4.15,5.7163,1,104039.75440684176
20250925,2025-09-25,00981.HK,77.2,78.8,75.2,76.8,3.5999999999999943,3.6504583609056858,3.6531140641112487,78.25,59.4,False,False,False,53.97095693693273,1,1,221.81467162350484,87015.47835973777,HOLD,,,,,0.0,0.0,0.0,104050.84514042294,0.0001066009204309104,150293.542074364,0.0006514657980456473,0.0,smic_h,smic,HK-share,HKEX,HKD,77.2,78.8,75.2,76.8,76.75,0.05,0.0652,114883313,,1,76.75,0.05,0.0651,0,104050.84514042294
20250926,2025-09-26,00981.HK,75.9,77.8,72.2,72.95,5.599999999999994,3.7479354428604013,3.6504583609056858,78.8,61.95,False,False,False,53.97095693693273,1,1,221.81467162350484,87015.47835973777,HOLD,,,,,0.0,0.0,0.0,103196.85865467245,-0.008207395957216645,142759.29549902154,-0.05013020833333326,-0.008207395957216645,smic_h,smic,HK-share,HKEX,HKD,75.9,77.8,72.2,72.95,76.8,-3.85,-5.013,141599380,,1,76.8,-3.85,-5.013,0,104050.84514042294
20250929,2025-09-29,00981.HK,74.0,76.5,73.1,76.5,3.549999999999997,3.738038670717381,3.7479354428604013,78.8,61.95,False,False,False,53.97095693693273,1,1,221.81467162350484,87015.47835973777,HOLD,,,,,0.0,0.0,0.0,103984.30073893588,0.007630485021820732,149706.457925636,0.04866346812885536,-0.0006395373473156996,smic_h,smic,HK-share,HKEX,HKD,74.0,76.5,73.1,76.5,72.95,3.55,4.8664,106533474,,1,72.95,3.55,4.8663,0,104050.84514042294
20250930,2025-09-30,00981.HK,77.5,79.95,77.5,79.55,3.450000000000003,3.7236367371815122,3.738038670717381,78.8,61.95,True,False,False,53.97095693693273,1,1,221.81467162350484,87015.47835973777,HOLD,,,,,0.0,0.0,0.0,104660.83548738758,0.006506123940287933,155675.14677103717,0.03986928104575149,0.0,smic_h,smic,HK-share,HKEX,HKD,77.5,79.95,77.5,79.55,76.5,3.05,3.9869,115419312,,1,76.5,3.05,3.9869,1,104660.83548738758
20251002,2025-10-02,00981.HK,80.15,90.35,80.1,89.65,10.799999999999997,4.0774549003224365,3.7236367371815122,79.95,63.7,True,False,False,53.97095693693273,1,1,221.81467162350484,87015.47835973777,HOLD,,,,,0.0,0.0,0.0,106901.16367078498,0.021405601942355856,175440.31311154598,0.12696417347580158,0.0,smic_h,smic,HK-share,HKEX,HKD,80.15,90.35,80.1,89.65,79.55,10.1,12.6964,67389636,,1,79.55,10.1,12.6964,1,106901.16367078498
20251003,2025-10-03,00981.HK,90.35,91.35,88.65,90.9,2.6999999999999886,4.008582155306314,4.0774549003224365,90.35,67.7,True,False,False,53.97095693693273,1,1,221.81467162350484,87015.47835973777,HOLD,,,,,0.0,0.0,0.0,107178.43201031435,0.002593688693448115,177886.49706457925,0.013943112102621225,0.0,smic_h,smic,HK-share,HKEX,HKD,90.35,91.35,88.65,90.9,89.65,1.25,1.3943,34462352,,1,89.65,1.25,1.3943,1,107178.43201031435
20251006,2025-10-06,00981.HK,90.5,92.8,87.4,91.05,5.3999999999999915,4.078153047540998,4.008582155306314,91.35,68.65,False,False,False,53.97095693693273,1,1,221.81467162350484,87015.47835973777,HOLD,,,,,0.0,0.0,0.0,107211.70421105789,0.0003104374650706454,178180.03913894325,0.0016501650165017256,0.0,smic_h,smic,HK-share,HKEX,HKD,90.5,92.8,87.4,91.05,90.9,0.15,0.165,43900768,,1,90.9,0.15,0.165,0,107211.70421105789
20251008,2025-10-08,00981.HK,91.0,91.5,87.7,89.5,3.799999999999997,4.064245395163948,4.078153047540998,92.8,69.05,False,False,False,53.97095693693273,1,1,221.81467162350484,87015.47835973777,HOLD,,,,,0.0,0.0,0.0,106867.89147004145,-0.0032068582767755816,175146.77103718198,-0.017023613399231197,-0.0032068582767755816,smic_h,smic,HK-share,HKEX,HKD,91.0,91.5,87.7,89.5,91.05,-1.55,-1.7024,38845844,,1,91.05,-1.55,-1.7024,0,107211.70421105789
20251009,2025-10-09,00981.HK,88.4,93.5,82.5,83.5,11.0,4.41103312540575,4.064245395163948,92.8,70.25,False,False,False,53.97095693693273,1,1,221.81467162350484,87015.47835973777,HOLD,,,,,0.0,0.0,0.0,105537.00344030042,-0.01245358181427314,163405.0880626223,-0.06703910614525144,-0.01562050321913211,smic_h,smic,HK-share,HKEX,HKD,88.4,93.5,82.5,83.5,89.5,-6.0,-6.7039,303809230,,1,89.5,-6.0,-6.7039,0,107211.70421105789
20251010,2025-10-10,00981.HK,81.95,82.65,76.65,77.55,6.849999999999994,4.532981469135462,4.41103312540575,93.5,72.15,False,False,False,53.97095693693273,1,1,221.81467162350484,87015.47835973777,HOLD,,,,,0.0,0.0,0.0,104217.20614414057,-0.012505540740565313,151761.25244618393,-0.07125748502994012,-0.02793070112030238,smic_h,smic,HK-share,HKEX,HKD,81.95,82.65,76.65,77.55,83.5,-5.95,-7.1257,203174461,,1,83.5,-5.95,-7.1257,0,107211.70421105789
20251013,2025-10-13,00981.HK,75.5,81.4,75.5,80.15,5.900000000000006,4.60133239567869,4.532981469135462,93.5,72.2,False,False,False,53.97095693693273,1,1,221.81467162350484,87015.47835973777,HOLD,,,,,0.0,0.0,0.0,104793.92429036168,0.005533809315742655,156849.31506849316,0.03352675693101248,-0.02255145497861455,smic_h,smic,HK-share,HKEX,HKD,75.5,81.4,75.5,80.15,77.55,2.6,3.3527,265993481,,1,77.55,2.6,3.3527,0,107211.70421105789
20251014,2025-10-14,00981.HK,81.8,81.85,72.1,73.35,9.75,4.858765775894756,4.60133239567869,93.5,72.2,False,False,False,53.97095693693273,1,1,221.81467162350484,87015.47835973777,HOLD,,,,,0.0,0.0,0.0,103285.58452332184,-0.014393389476097362,143542.07436399214,-0.08484092326887116,-0.03662025257995205,smic_h,smic,HK-share,HKEX,HKD,81.8,81.85,72.1,73.35,80.15,-6.8,-8.4841,210423170,,1,80.15,-6.8,-8.4841,0,107211.70421105789
20251015,2025-10-15,00981.HK,74.2,76.15,71.5,76.0,4.650000000000006,4.848327487100018,4.858765775894756,93.5,72.1,False,False,False,53.97095693693273,1,1,221.81467162350484,87015.47835973777,HOLD,,,,,0.0,0.0,0.0,103873.39340312414,0.005691102805053694,148727.9843444227,0.03612815269257008,-0.031137559397077852,smic_h,smic,HK-share,HKEX,HKD,74.2,76.15,71.5,76.0,73.35,2.65,3.6128,135742186,,1,73.35,2.65,3.6128,0,107211.70421105789
20251016,2025-10-16,00981.HK,76.0,76.2,72.6,73.9,3.6000000000000085,4.785911112745017,4.848327487100018,93.5,71.5,False,False,False,53.97095693693273,1,1,221.81467162350484,87015.47835973777,HOLD,,,,,0.0,0.0,0.0,103407.58259271478,-0.00448440929046745,144618.39530332683,-0.02763157894736823,-0.035482335126902576,smic_h,smic,HK-share,HKEX,HKD,76.0,76.2,72.6,73.9,76.0,-2.1,-2.7632,89385266,,1,76.0,-2.1,-2.7632,0,107211.70421105789
20251017,2025-10-17,00981.HK,73.65,74.1,68.35,69.1,5.75,4.834115557107767,4.785911112745017,93.5,71.5,False,True,False,53.97095693693273,1,1,221.81467162350484,87015.47835973777,HOLD,,,,,0.0,0.0,0.0,102342.87216892195,-0.010296250981771227,135225.04892367905,-0.06495263870094747,-0.045413251080787864,smic_h,smic,HK-share,HKEX,HKD,73.65,74.1,68.35,69.1,73.9,-4.8,-6.4953,166659866,,1,73.9,-4.8,-6.4953,-1,107211.70421105789
20251020,2025-10-20,00981.HK,71.6,72.75,70.2,71.8,3.6500000000000057,4.774909779252378,4.834115557107767,93.5,68.35,False,False,False,,0,0,0.0,102873.59389321359,SELL,10-day low exit,2025-10-17,2025-10-20,71.5642,15873.989522998825,15.873989522998825,7.940965244121473,102873.59389321359,0.005185722396139569,140508.8062622309,0.0390738060781477,-0.04046302919785938,smic_h,smic,HK-share,HKEX,HKD,71.6,72.75,70.2,71.8,69.1,2.7,3.9074,85998261,,1,69.1,2.7,3.9074,0,107211.70421105789
20251021,2025-10-21,00981.HK,73.3,76.4,72.85,74.05,4.6000000000000085,4.76616429028976,4.774909779252378,93.5,68.35,False,False,False,,0,0,0.0,102873.59389321359,HOLD,,,,,0.0,0.0,0.0,102873.59389321359,0.0,144911.9373776908,0.03133704735376064,-0.04046302919785938,smic_h,smic,HK-share,HKEX,HKD,73.3,76.4,72.85,74.05,71.8,2.25,3.1337,121886166,,1,71.8,2.25,3.1337,0,107211.70421105789
20251022,2025-10-22,00981.HK,73.85,75.9,72.5,74.85,3.4000000000000057,4.697856075775272,4.76616429028976,93.5,68.35,False,False,False,,0,0,0.0,102873.59389321359,HOLD,,,,,0.0,0.0,0.0,102873.59389321359,0.0,146477.49510763207,0.010803511141120659,-0.04046302919785938,smic_h,smic,HK-share,HKEX,HKD,73.85,75.9,72.5,74.85,74.05,0.8,1.0803,82298535,,1,74.05,0.8,1.0804,0,107211.70421105789
20251023,2025-10-23,00981.HK,74.5,75.0,71.85,74.05,3.1500000000000057,4.620463271986509,4.697856075775272,93.5,68.35,False,False,False,,0,0,0.0,102873.59389321359,HOLD,,,,,0.0,0.0,0.0,102873.59389321359,0.0,144911.9373776908,-0.010688042752170834,-0.04046302919785938,smic_h,smic,HK-share,HKEX,HKD,74.5,75.0,71.85,74.05,74.85,-0.8,-1.0688,91305190,,1,74.85,-0.8,-1.0688,0,107211.70421105789
20251024,2025-10-24,00981.HK,75.7,80.05,75.7,80.0,6.0,4.689440108387183,4.620463271986509,93.5,68.35,False,False,False,,0,0,0.0,102873.59389321359,HOLD,,,,,0.0,0.0,0.0,102873.59389321359,0.0,156555.77299412916,0.08035111411208651,-0.04046302919785938,smic_h,smic,HK-share,HKEX,HKD,75.7,80.05,75.7,80.0,74.05,5.95,8.0351,154628465,,1,74.05,5.95,8.0351,0,107211.70421105789
20251027,2025-10-27,00981.HK,82.95,83.8,80.8,82.8,3.799999999999997,4.644968102967824,4.689440108387183,93.5,68.35,False,False,False,,0,0,0.0,102873.59389321359,HOLD,,,,,0.0,0.0,0.0,102873.59389321359,0.0,162035.22504892366,0.03499999999999992,-0.04046302919785938,smic_h,smic,HK-share,HKEX,HKD,82.95,83.8,80.8,82.8,80.0,2.8,3.5,143794946,,1,80.0,2.8,3.5,0,107211.70421105789
20251028,2025-10-28,00981.HK,82.8,85.5,80.05,80.1,5.450000000000003,4.6852196978194325,4.644968102967824,93.5,68.35,False,False,False,,0,0,0.0,102873.59389321359,HOLD,,,,,0.0,0.0,0.0,102873.59389321359,0.0,156751.4677103718,-0.03260869565217395,-0.04046302919785938,smic_h,smic,HK-share,HKEX,HKD,82.8,85.5,80.05,80.1,82.8,-2.7,-3.2609,124471245,,1,82.8,-2.7,-3.2609,0,107211.70421105789
20251030,2025-10-30,00981.HK,81.95,82.4,77.3,79.2,5.1000000000000085,4.705958712928462,4.6852196978194325,93.5,68.35,False,False,False,,0,0,0.0,102873.59389321359,HOLD,,,,,0.0,0.0,0.0,102873.59389321359,0.0,154990.21526418786,-0.011235955056179692,-0.04046302919785938,smic_h,smic,HK-share,HKEX,HKD,81.95,82.4,77.3,79.2,80.1,-0.9,-1.1236,141883664,,1,80.1,-0.9,-1.1236,0,107211.70421105789
20251031,2025-10-31,00981.HK,79.2,79.2,74.6,75.0,4.6000000000000085,4.70066077728204,4.705958712928462,93.5,68.35,False,False,False,,0,0,0.0,102873.59389321359,HOLD,,,,,0.0,0.0,0.0,102873.59389321359,0.0,146771.03718199607,-0.053030303030303094,-0.04046302919785938,smic_h,smic,HK-share,HKEX,HKD,79.2,79.2,74.6,75.0,79.2,-4.2,-5.303,108145564,,1,79.2,-4.2,-5.303,0,107211.70421105789
20251103,2025-11-03,00981.HK,74.2,75.2,71.3,72.85,3.9000000000000057,4.660627738417938,4.70066077728204,93.5,68.35,False,False,False,,0,0,0.0,102873.59389321359,HOLD,,,,,0.0,0.0,0.0,102873.59389321359,0.0,142563.60078277884,-0.02866666666666673,-0.04046302919785938,smic_h,smic,HK-share,HKEX,HKD,74.2,75.2,71.3,72.85,75.0,-2.15,-2.8667,95882523,,1,75.0,-2.15,-2.8667,0,107211.70421105789
20251104,2025-11-04,00981.HK,73.6,75.45,71.65,71.85,3.799999999999997,4.617596351497041,4.660627738417938,93.5,70.2,False,False,False,,0,0,0.0,102873.59389321359,HOLD,,,,,0.0,0.0,0.0,102873.59389321359,0.0,140606.65362035224,-0.013726835964310125,-0.04046302919785938,smic_h,smic,HK-share,HKEX,HKD,73.6,75.45,71.65,71.85,72.85,-1.0,-1.3727,74920975,,1,72.85,-1.0,-1.3727,0,107211.70421105789
20251105,2025-11-05,00981.HK,70.0,72.35,69.35,71.7,3.0,4.536716533922189,4.617596351497041,93.5,71.3,False,False,False,,0,0,0.0,102873.59389321359,HOLD,,,,,0.0,0.0,0.0,102873.59389321359,0.0,140313.11154598824,-0.002087682672233915,-0.04046302919785938,smic_h,smic,HK-share,HKEX,HKD,70.0,72.35,69.35,71.7,71.85,-0.15,-0.2088,76003489,,1,71.85,-0.15,-0.2088,0,107211.70421105789
20251106,2025-11-06,00981.HK,73.55,77.75,72.85,76.95,6.049999999999997,4.612380707226079,4.536716533922189,93.5,69.35,False,False,False,,0,0,0.0,102873.59389321359,HOLD,,,,,0.0,0.0,0.0,102873.59389321359,0.0,150587.08414872797,0.07322175732217584,-0.04046302919785938,smic_h,smic,HK-share,HKEX,HKD,73.55,77.75,72.85,76.95,71.7,5.25,7.3222,118576840,,1,71.7,5.25,7.3222,0,107211.70421105789
20251107,2025-11-07,00981.HK,75.75,77.95,74.7,75.45,3.25,4.544261671864776,4.612380707226079,93.5,69.35,False,False,False,,0,0,0.0,102873.59389321359,HOLD,,,,,0.0,0.0,0.0,102873.59389321359,0.0,147651.66340508807,-0.019493177387914118,-0.04046302919785938,smic_h,smic,HK-share,HKEX,HKD,75.75,77.95,74.7,75.45,76.95,-1.5,-1.9493,58051968,,1,76.95,-1.5,-1.9493,0,107211.70421105789
20251110,2025-11-10,00981.HK,76.0,76.7,72.5,74.7,4.200000000000003,4.527048588271537,4.544261671864776,85.5,69.35,False,False,False,,0,0,0.0,102873.59389321359,HOLD,,,,,0.0,0.0,0.0,102873.59389321359,0.0,146183.9530332681,-0.00994035785288272,-0.04046302919785938,smic_h,smic,HK-share,HKEX,HKD,76.0,76.7,72.5,74.7,75.45,-0.75,-0.994,74373722,,1,75.45,-0.75,-0.994,0,107211.70421105789
20251111,2025-11-11,00981.HK,75.45,75.6,71.55,72.65,4.049999999999997,4.50319615885796,4.527048588271537,85.5,69.35,False,False,False,,0,0,0.0,102873.59389321359,HOLD,,,,,0.0,0.0,0.0,102873.59389321359,0.0,142172.21135029357,-0.027443105756358555,-0.04046302919785938,smic_h,smic,HK-share,HKEX,HKD,75.45,75.6,71.55,72.65,74.7,-2.05,-2.7443,70851474,,1,74.7,-2.05,-2.7443,0,107211.70421105789
20251112,2025-11-12,00981.HK,72.5,73.55,70.7,73.25,2.8499999999999943,4.420536350915062,4.50319615885796,85.5,69.35,False,False,False,,0,0,0.0,102873.59389321359,HOLD,,,,,0.0,0.0,0.0,102873.59389321359,0.0,143346.3796477495,0.008258774948382452,-0.04046302919785938,smic_h,smic,HK-share,HKEX,HKD,72.5,73.55,70.7,73.25,72.65,0.6000000000000001,0.8259000000000001,66485006,,1,72.65,0.6,0.8259,0,107211.70421105789
20251113,2025-11-13,00981.HK,72.85,75.6,71.7,75.6,3.8999999999999915,4.394509533369308,4.420536350915062,85.5,69.35,False,False,False,,0,0,0.0,102873.59389321359,HOLD,,,,,0.0,0.0,0.0,102873.59389321359,0.0,147945.20547945204,0.03208191126279858,-0.04046302919785938,smic_h,smic,HK-share,HKEX,HKD,72.85,75.6,71.7,75.6,73.25,2.35,3.2082,88521178,,1,73.25,2.35,3.2082,0,107211.70421105789
20251114,2025-11-14,00981.HK,74.25,77.25,73.2,73.5,4.049999999999997,4.377284056700843,4.394509533369308,85.5,69.35,False,False,False,,0,0,0.0,102873.59389321359,HOLD,,,,,0.0,0.0,0.0,102873.59389321359,0.0,143835.61643835617,-0.02777777777777768,-0.04046302919785938,smic_h,smic,HK-share,HKEX,HKD,74.25,77.25,73.2,73.5,75.6,-2.1,-2.7778,93053916,,1,75.6,-2.1,-2.7778,0,107211.70421105789
20251117,2025-11-17,00981.HK,73.8,75.65,72.8,72.95,2.8500000000000085,4.300919853865802,4.377284056700843,85.5,69.35,False,False,False,,0,0,0.0,102873.59389321359,HOLD,,,,,0.0,0.0,0.0,102873.59389321359,0.0,142759.29549902154,-0.007482993197278853,-0.04046302919785938,smic_h,smic,HK-share,HKEX,HKD,73.8,75.65,72.8,72.95,73.5,-0.55,-0.7483000000000001,60837818,,1,73.5,-0.55,-0.7483,0,107211.70421105789
20251118,2025-11-18,00981.HK,72.65,75.65,72.2,74.0,3.450000000000003,4.258373861172512,4.300919853865802,85.5,69.35,False,False,False,,0,0,0.0,102873.59389321359,HOLD,,,,,0.0,0.0,0.0,102873.59389321359,0.0,144814.09001956947,0.014393420150788039,-0.04046302919785938,smic_h,smic,HK-share,HKEX,HKD,72.65,75.65,72.2,74.0,72.95,1.05,1.4393,69119836,,1,72.95,1.05,1.4393,0,107211.70421105789
20251119,2025-11-19,00981.HK,74.6,74.75,72.05,73.0,2.700000000000003,4.180455168113886,4.258373861172512,85.5,69.35,False,False,False,,0,0,0.0,102873.59389321359,HOLD,,,,,0.0,0.0,0.0,102873.59389321359,0.0,142857.14285714284,-0.013513513513513598,-0.04046302919785938,smic_h,smic,HK-share,HKEX,HKD,74.6,74.75,72.05,73.0,74.0,-1.0,-1.3514,49252284,,1,74.0,-1.0,-1.3514,0,107211.70421105789
20251120,2025-11-20,00981.HK,74.6,75.25,72.3,73.5,2.950000000000003,4.118932409708192,4.180455168113886,85.5,70.7,False,False,False,,0,0,0.0,102873.59389321359,HOLD,,,,,0.0,0.0,0.0,102873.59389321359,0.0,143835.61643835617,0.0068493150684934,-0.04046302919785938,smic_h,smic,HK-share,HKEX,HKD,74.6,75.25,72.3,73.5,73.0,0.5,0.6849000000000001,59009341,,1,73.0,0.5,0.6849,0,107211.70421105789
20251121,2025-11-21,00981.HK,71.1,71.95,68.6,68.8,4.900000000000006,4.157985789222783,4.118932409708192,85.5,70.7,False,True,False,,0,0,0.0,102873.59389321359,HOLD,,,,,0.0,0.0,0.0,102873.59389321359,0.0,134637.96477495108,-0.06394557823129254,-0.04046302919785938,smic_h,smic,HK-share,HKEX,HKD,71.1,71.95,68.6,68.8,73.5,-4.7,-6.3946,107859632,,1,73.5,-4.7,-6.3946,-1,107211.70421105789
20251124,2025-11-24,00981.HK,69.05,69.55,63.7,68.05,5.849999999999994,4.242586499761644,4.157985789222783,85.5,68.6,False,True,False,,0,0,0.0,102873.59389321359,HOLD,,,,,0.0,0.0,0.0,102873.59389321359,0.0,133170.2544031311,-0.01090116279069775,-0.04046302919785938,smic_h,smic,HK-share,HKEX,HKD,69.05,69.55,63.7,68.05,68.8,-0.75,-1.0901,146771590,,1,68.8,-0.75,-1.0901,-1,107211.70421105789
20251125,2025-11-25,00981.HK,68.9,70.25,66.9,67.95,3.3499999999999943,4.197957174773562,4.242586499761644,85.5,63.7,False,False,False,,0,0,0.0,102873.59389321359,HOLD,,,,,0.0,0.0,0.0,102873.59389321359,0.0,132974.55968688845,-0.0014695077149154967,-0.04046302919785938,smic_h,smic,HK-share,HKEX,HKD,68.9,70.25,66.9,67.95,68.05,-0.1,-0.147,77251132,,1,68.05,-0.1,-0.147,0,107211.70421105789
20251126,2025-11-26,00981.HK,67.8,69.95,66.9,68.85,3.049999999999997,4.140559316034883,4.197957174773562,85.5,63.7,False,False,False,,0,0,0.0,102873.59389321359,HOLD,,,,,0.0,0.0,0.0,102873.59389321359,0.0,134735.81213307238,0.013245033112582627,-0.04046302919785938,smic_h,smic,HK-share,HKEX,HKD,67.8,69.95,66.9,68.85,67.95,0.9,1.3245,48414677,,1,67.95,0.9,1.3245,0,107211.70421105789
20251127,2025-11-27,00981.HK,69.15,71.8,68.15,68.35,3.6499999999999915,4.116031350233138,4.140559316034883,82.4,63.7,False,False,False,,0,0,0.0,102873.59389321359,HOLD,,,,,0.0,0.0,0.0,102873.59389321359,0.0,133757.33855185908,-0.0072621641249092095,-0.04046302919785938,smic_h,smic,HK-share,HKEX,HKD,69.15,71.8,68.15,68.35,68.85,-0.5,-0.7262000000000001,67041842,,1,68.85,-0.5,-0.7262,0,107211.70421105789
20251128,2025-11-28,00981.HK,69.6,69.6,67.9,68.8,1.6999999999999886,3.9952297827214807,4.116031350233138,79.2,63.7,False,False,False,,0,0,0.0,102873.59389321359,HOLD,,,,,0.0,0.0,0.0,102873.59389321359,0.0,134637.96477495108,0.00658376005852257,-0.04046302919785938,smic_h,smic,HK-share,HKEX,HKD,69.6,69.6,67.9,68.8,68.35,0.45,0.6584,34635482,,1,68.35,0.45,0.6584,0,107211.70421105789
20251201,2025-12-01,00981.HK,68.9,69.95,67.85,69.45,2.1000000000000085,3.900468293585407,3.9952297827214807,77.95,63.7,False,False,False,,0,0,0.0,102873.59389321359,HOLD,,,,,0.0,0.0,0.0,102873.59389321359,0.0,135909.98043052838,0.009447674418604723,-0.04046302919785938,smic_h,smic,HK-share,HKEX,HKD,68.9,69.95,67.85,69.45,68.8,0.65,0.9448,36618423,,1,68.8,0.65,0.9448,0,107211.70421105789
20251202,2025-12-02,00981.HK,69.35,69.65,68.05,68.65,1.6000000000000085,3.7854448789061372,3.900468293585407,77.95,63.7,False,False,False,,0,0,0.0,102873.59389321359,HOLD,,,,,0.0,0.0,0.0,102873.59389321359,0.0,134344.4227005871,-0.011519078473721911,-0.04046302919785938,smic_h,smic,HK-share,HKEX,HKD,69.35,69.65,68.05,68.65,69.45,-0.8,-1.1519,23942332,,1,69.45,-0.8,-1.1519,0,107211.70421105789
20251203,2025-12-03,00981.HK,68.15,69.25,66.85,67.2,2.4000000000000057,3.716172634960831,3.7854448789061372,77.95,63.7,False,False,False,,0,0,0.0,102873.59389321359,HOLD,,,,,0.0,0.0,0.0,102873.59389321359,0.0,131506.84931506848,-0.021121631463947854,-0.04046302919785938,smic_h,smic,HK-share,HKEX,HKD,68.15,69.25,66.85,67.2,68.65,-1.45,-2.1122,35626389,,1,68.65,-1.45,-2.1122,0,107211.70421105789
20251204,2025-12-04,00981.HK,67.3,70.25,66.55,69.8,3.700000000000003,3.7153640032127897,3.716172634960831,77.95,63.7,False,False,False,,0,0,0.0,102873.59389321359,HOLD,,,,,0.0,0.0,0.0,102873.59389321359,0.0,136594.91193737768,0.038690476190476275,-0.04046302919785938,smic_h,smic,HK-share,HKEX,HKD,67.3,70.25,66.55,69.8,67.2,2.6,3.8691,50376074,,1,67.2,2.6,3.869,0,107211.70421105789
20251205,2025-12-05,00981.HK,69.75,70.9,68.55,69.75,2.3500000000000085,3.6470958030521508,3.7153640032127897,77.95,63.7,False,False,False,,0,0,0.0,102873.59389321359,HOLD,,,,,0.0,0.0,0.0,102873.59389321359,0.0,136497.06457925634,-0.0007163323782235498,-0.04046302919785938,smic_h,smic,HK-share,HKEX,HKD,69.75,70.9,68.55,69.75,69.8,-0.05,-0.0716,45551129,,1,69.8,-0.05,-0.0716,0,107211.70421105789
20251208,2025-12-08,00981.HK,70.2,72.9,70.15,71.8,3.1500000000000057,3.6222410128995435,3.6470958030521508,77.25,63.7,False,False,False,,0,0,0.0,102873.59389321359,HOLD,,,,,0.0,0.0,0.0,102873.59389321359,0.0,140508.8062622309,0.029390681003584218,-0.04046302919785938,smic_h,smic,HK-share,HKEX,HKD,70.2,72.9,70.15,71.8,69.75,2.05,2.9391,69233641,,1,69.75,2.05,2.9391,0,107211.70421105789
20251209,2025-12-09,00981.HK,70.6,71.0,68.45,68.85,3.3499999999999943,3.608628962254566,3.6222410128995435,77.25,66.55,False,False,False,,0,0,0.0,102873.59389321359,HOLD,,,,,0.0,0.0,0.0,102873.59389321359,0.0,134735.81213307238,-0.04108635097493052,-0.04046302919785938,smic_h,smic,HK-share,HKEX,HKD,70.6,71.0,68.45,68.85,71.8,-2.95,-4.1086,66229434,,1,71.8,-2.95,-4.1086,0,107211.70421105789
20251210,2025-12-10,00981.HK,69.3,69.35,67.2,68.7,2.1499999999999915,3.5356975141418374,3.608628962254566,77.25,66.55,False,False,False,,0,0,0.0,102873.59389321359,HOLD,,,,,0.0,0.0,0.0,102873.59389321359,0.0,134442.2700587084,-0.002178649237472574,-0.04046302919785938,smic_h,smic,HK-share,HKEX,HKD,69.3,69.35,67.2,68.7,68.85,-0.15,-0.2179,44357583,,1,68.85,-0.15,-0.2179,0,107211.70421105789
20251211,2025-12-11,00981.HK,69.0,69.25,66.55,67.15,2.700000000000003,3.4939126384347454,3.5356975141418374,77.25,66.55,False,False,False,,0,0,0.0,102873.59389321359,HOLD,,,,,0.0,0.0,0.0,102873.59389321359,0.0,131409.00195694718,-0.022561863173216734,-0.04046302919785938,smic_h,smic,HK-share,HKEX,HKD,69.0,69.25,66.55,67.15,68.7,-1.55,-2.2562,49462751,,1,68.7,-1.55,-2.2562,0,107211.70421105789
20251212,2025-12-12,00981.HK,67.6,68.65,65.35,67.7,3.3000000000000114,3.4842170065130085,3.4939126384347454,77.25,66.55,False,False,False,,0,0,0.0,102873.59389321359,HOLD,,,,,0.0,0.0,0.0,102873.59389321359,0.0,132485.3228962818,0.008190618019359608,-0.04046302919785938,smic_h,smic,HK-share,HKEX,HKD,67.6,68.65,65.35,67.7,67.15,0.55,0.8191,59855565,,1,67.15,0.55,0.8191,0,107211.70421105789
20251215,2025-12-15,00981.HK,68.0,68.0,64.45,64.7,3.549999999999997,3.487506156187358,3.4842170065130085,75.65,65.35,False,True,False,,0,0,0.0,102873.59389321359,HOLD,,,,,0.0,0.0,0.0,102873.59389321359,0.0,126614.48140900195,-0.04431314623338267,-0.04046302919785938,smic_h,smic,HK-share,HKEX,HKD,68.0,68.0,64.45,64.7,67.7,-3.0,-4.4313,67089126,,1,67.7,-3.0,-4.4313,-1,107211.70421105789
20251216,2025-12-16,00981.HK,64.5,65.15,62.0,63.45,3.1500000000000057,3.470630848377991,3.487506156187358,75.65,64.45,False,True,False,,0,0,0.0,102873.59389321359,HOLD,,,,,0.0,0.0,0.0,102873.59389321359,0.0,124168.29745596868,-0.019319938176197815,-0.04046302919785938,smic_h,smic,HK-share,HKEX,HKD,64.5,65.15,62.0,63.45,64.7,-1.25,-1.932,64784997,,1,64.7,-1.25,-1.932,-1,107211.70421105789
20251217,2025-12-17,00981.HK,63.05,65.2,63.05,64.75,2.1500000000000057,3.404599305959091,3.470630848377991,75.25,62.0,False,False,False,,0,0,0.0,102873.59389321359,HOLD,,,,,0.0,0.0,0.0,102873.59389321359,0.0,126712.32876712328,0.02048857368006307,-0.04046302919785938,smic_h,smic,HK-share,HKEX,HKD,63.05,65.2,63.05,64.75,63.45,1.3,2.0489,40298935,,1,63.45,1.3,2.0489,0,107211.70421105789
20251218,2025-12-18,00981.HK,64.0,65.6,63.65,64.7,1.9499999999999957,3.331869340661136,3.404599305959091,75.25,62.0,False,False,False,,0,0,0.0,102873.59389321359,HOLD,,,,,0.0,0.0,0.0,102873.59389321359,0.0,126614.48140900195,-0.0007722007722007485,-0.04046302919785938,smic_h,smic,HK-share,HKEX,HKD,64.0,65.6,63.65,64.7,64.75,-0.05,-0.0772,39415584,,1,64.75,-0.05,-0.0772,0,107211.70421105789
20251219,2025-12-19,00981.HK,65.45,66.15,64.8,65.05,1.4500000000000028,3.2377758736280797,3.331869340661136,72.9,62.0,False,False,False,,0,0,0.0,102873.59389321359,HOLD,,,,,0.0,0.0,0.0,102873.59389321359,0.0,127299.41291585127,0.005409582689335446,-0.04046302919785938,smic_h,smic,HK-share,HKEX,HKD,65.45,66.15,64.8,65.05,64.7,0.35,0.541,39163474,,1,64.7,0.35,0.541,0,107211.70421105789
20251222,2025-12-22,00981.HK,66.0,70.45,65.95,68.9,5.400000000000006,3.345887079946676,3.2377758736280797,72.9,62.0,False,False,False,,0,0,0.0,102873.59389321359,HOLD,,,,,0.0,0.0,0.0,102873.59389321359,0.0,134833.65949119374,0.05918524212144516,-0.04046302919785938,smic_h,smic,HK-share,HKEX,HKD,66.0,70.45,65.95,68.9,65.05,3.85,5.9185,91315684,,1,65.05,3.85,5.9185,0,107211.70421105789
20251223,2025-12-23,00981.HK,69.5,70.35,68.3,68.9,2.049999999999997,3.2810927259493416,3.345887079946676,72.9,62.0,False,False,False,,0,0,0.0,102873.59389321359,HOLD,,,,,0.0,0.0,0.0,102873.59389321359,0.0,134833.65949119374,0.0,-0.04046302919785938,smic_h,smic,HK-share,HKEX,HKD,69.5,70.35,68.3,68.9,68.9,0.0,0.0,49966498,,1,68.9,0.0,0.0,0,107211.70421105789
20251224,2025-12-24,00981.HK,70.95,70.95,70.95,70.95,2.049999999999997,3.2195380896518744,3.2810927259493416,72.9,62.0,False,False,False,,0,0,0.0,102873.59389321359,HOLD,,,,,0.0,0.0,0.0,102873.59389321359,0.0,138845.4011741683,0.029753265602322276,-0.04046302919785938,smic_h,smic,HK-share,HKEX,HKD,70.95,70.95,70.95,70.95,68.9,2.05,2.9753,0,,1,68.9,2.05,2.9753,0,107211.70421105789
20251229,2025-12-29,00981.HK,71.5,73.7,69.55,69.55,4.150000000000006,3.2660611851692805,3.2195380896518744,72.9,62.0,False,False,False,,0,0,0.0,102873.59389321359,HOLD,,,,,0.0,0.0,0.0,102873.59389321359,0.0,136105.67514677104,-0.019732205778717482,-0.04046302919785938,smic_h,smic,HK-share,HKEX,HKD,71.5,73.7,69.55,69.55,70.95,-1.4,-1.9732,77352135,,1,70.95,-1.4,-1.9732,0,107211.70421105789
20251230,2025-12-30,00981.HK,71.5,73.15,70.45,72.5,3.6000000000000085,3.282758125910817,3.2660611851692805,73.7,62.0,False,False,False,,0,0,0.0,102873.59389321359,HOLD,,,,,0.0,0.0,0.0,102873.59389321359,0.0,141878.66927592954,0.0424155283968366,-0.04046302919785938,smic_h,smic,HK-share,HKEX,HKD,71.5,73.15,70.45,72.5,69.55,2.95,4.2415,93554254,,1,69.55,2.95,4.2416,0,107211.70421105789
20251231,2025-12-31,00981.HK,71.35,71.35,71.35,71.35,1.1500000000000057,3.1761202196152767,3.282758125910817,73.7,62.0,False,False,False,,0,0,0.0,102873.59389321359,HOLD,,,,,0.0,0.0,0.0,102873.59389321359,0.0,139628.1800391389,-0.01586206896551745,-0.04046302919785938,smic_h,smic,HK-share,HKEX,HKD,71.35,71.35,71.35,71.35,72.5,-1.15,-1.5862,0,,1,72.5,-1.15,-1.5862,0,107211.70421105789
20260102,2026-01-02,00981.HK,71.45,75.4,70.8,75.1,4.6000000000000085,3.2473142086345135,3.1761202196152767,73.7,62.0,True,False,False,,0,0,0.0,102873.59389321359,HOLD,,,,,0.0,0.0,0.0,102873.59389321359,0.0,146966.73189823874,0.052557813594954705,-0.04046302919785938,smic_h,smic,HK-share,HKEX,HKD,71.45,75.4,70.8,75.1,71.35,3.75,5.2558,40669802,,1,71.35,3.75,5.2558,1,107211.70421105789
20260105,2026-01-05,00981.HK,75.8,78.3,75.05,76.5,3.25,3.2474484982027874,3.2473142086345135,75.4,63.05,True,False,False,69.48565956076943,1,1,161.94852017546532,90579.47637932046,BUY,20-day high breakout,2026-01-02,2026-01-05,75.83789999999999,12281.83567821492,12.28183567821492,6.137848914650135,102968.53817274356,0.0009229217716308913,149706.457925636,0.018641810918774926,-0.03957745163682125,smic_h,smic,HK-share,HKEX,HKD,75.8,78.3,75.05,76.5,75.1,1.4,1.8642,129977658,,1,75.1,1.4,1.8642,1,107211.70421105789
20260106,2026-01-06,00981.HK,77.0,78.9,75.4,75.6,3.5,3.260076073292648,3.2474484982027874,78.3,63.65,False,False,False,69.48565956076943,1,1,161.94852017546532,90579.47637932046,HOLD,,,,,0.0,0.0,0.0,102822.78450458564,-0.0014155165329569064,147945.20547945204,-0.01176470588235301,-0.04093694563265393,smic_h,smic,HK-share,HKEX,HKD,77.0,78.9,75.4,75.6,76.5,-0.9,-1.1765,100574288,,1,76.5,-0.9,-1.1765,0,107211.70421105789
20260107,2026-01-07,00981.HK,76.4,76.7,73.7,74.7,3.0,3.2470722696280157,3.260076073292648,78.9,64.8,False,False,False,69.48565956076943,1,1,161.94852017546532,90579.47637932046,HOLD,,,,,0.0,0.0,0.0,102677.03083642773,-0.0014175230602844202,146183.9530332681,-0.011904761904761751,-0.042296439628486504,smic_h,smic,HK-share,HKEX,HKD,76.4,76.7,73.7,74.7,75.6,-0.9,-1.1905,98807996,,1,75.6,-0.9,-1.1905,0,107211.70421105789
20260108,2026-01-08,00981.HK,74.6,77.45,74.1,74.95,3.3500000000000085,3.2522186561466158,3.2470722696280157,78.9,65.95,False,False,False,69.48565956076943,1,1,161.94852017546532,90579.47637932046,HOLD,,,,,0.0,0.0,0.0,102717.51796647158,0.00039431535674561147,146673.18982387474,0.0033467202141899133,-0.04191880240742196,smic_h,smic,HK-share,HKEX,HKD,74.6,77.45,74.1,74.95,74.7,0.25,0.3347,92810803,,1,74.7,0.25,0.3347,0,107211.70421105789
20260109,2026-01-09,00981.HK,75.5,76.25,73.5,74.4,2.75,3.2271077233392846,3.2522186561466158,78.9,68.3,False,False,False,69.48565956076943,1,1,161.94852017546532,90579.47637932046,HOLD,,,,,0.0,0.0,0.0,102628.44628037508,-0.0008671518535482425,145596.86888454013,-0.007338225483655592,-0.042749604293764176,smic_h,smic,HK-share,HKEX,HKD,75.5,76.25,73.5,74.4,74.95,-0.55,-0.7338,71074224,,1,74.95,-0.55,-0.7338,0,107211.70421105789
20260112,2026-01-12,00981.HK,74.5,75.5,73.35,75.3,2.1500000000000057,3.173252337172321,3.2271077233392846,78.9,69.55,False,False,False,69.48565956076943,1,1,161.94852017546532,90579.47637932046,HOLD,,,,,0.0,0.0,0.0,102774.199948533,0.0014202072957407719,147358.12133072407,0.012096774193548265,-0.04139011029793149,smic_h,smic,HK-share,HKEX,HKD,74.5,75.5,73.35,75.3,74.4,0.9,1.2097,64618788,,1,74.4,0.9,1.2097,0,107211.70421105789
20260113,2026-01-13,00981.HK,75.2,76.15,73.25,74.45,2.9000000000000057,3.159589720313705,3.173252337172321,78.9,69.55,False,False,False,69.48565956076943,1,1,161.94852017546532,90579.47637932046,HOLD,,,,,0.0,0.0,0.0,102636.54370638386,-0.0013394046581541863,145694.71624266144,-0.011288180610889875,-0.04267407684955116,smic_h,smic,HK-share,HKEX,HKD,75.2,76.15,73.25,74.45,75.3,-0.85,-1.1288,69713451,,1,75.3,-0.85,-1.1288,0,107211.70421105789
20260114,2026-01-14,00981.HK,74.6,76.45,74.15,75.95,2.299999999999997,3.1166102342980198,3.159589720313705,78.9,70.45,False,False,False,69.48565956076943,1,1,161.94852017546532,90579.47637932046,HOLD,,,,,0.0,0.0,0.0,102879.46648664706,0.0023668254160831292,148630.13698630137,0.020147750167897938,-0.04040825352316346,smic_h,smic,HK-share,HKEX,HKD,74.6,76.45,74.15,75.95,74.45,1.5,2.0148,80458547,,1,74.45,1.5,2.0148,0,107211.70421105789
20260115,2026-01-15,00981.HK,75.5,78.4,74.95,77.35,3.450000000000003,3.133279722583119,3.1166102342980198,78.9,70.8,False,False,False,69.48565956076943,1,1,161.94852017546532,90579.47637932046,HOLD,,,,,0.0,0.0,0.0,103106.1944148927,0.0022038209954662324,151369.8630136986,0.018433179723502224,-0.038293485085201584,smic_h,smic,HK-share,HKEX,HKD,75.5,78.4,74.95,77.35,75.95,1.4,1.8433,72736228,,1,75.95,1.4,1.8433,0,107211.70421105789
20260116,2026-01-16,00981.HK,78.8,79.7,77.6,79.2,2.3500000000000085,3.0941157364539635,3.133279722583119,78.9,70.8,True,False,False,69.48565956076943,1,1,161.94852017546532,90579.47637932046,HOLD,,,,,0.0,0.0,0.0,103405.79917721731,0.002905788192695935,154990.21526418786,0.023917259211376996,-0.03549896964932342,smic_h,smic,HK-share,HKEX,HKD,78.8,79.7,77.6,79.2,77.35,1.85,2.3917,88248919,,1,77.35,1.85,2.3917,1,107211.70421105789
20260119,2026-01-19,00981.HK,79.2,80.1,77.0,77.0,3.0999999999999943,3.094409949631265,3.0941157364539635,79.7,73.25,False,False,False,69.48565956076943,1,1,161.94852017546532,90579.47637932046,HOLD,,,,,0.0,0.0,0.0,103049.5124328313,-0.0034455199536286285,150684.9315068493,-0.02777777777777779,-0.03882217719469194,smic_h,smic,HK-share,HKEX,HKD,79.2,80.1,77.0,77.0,79.2,-2.2,-2.7778,52927092,,1,79.2,-2.2,-2.7778,0,107211.70421105789
20260120,2026-01-20,00981.HK,77.4,77.6,73.75,74.5,3.8499999999999943,3.1321894521497016,3.094409949631265,80.1,73.25,False,False,False,69.48565956076943,1,1,161.94852017546532,90579.47637932046,HOLD,,,,,0.0,0.0,0.0,102644.64113239263,-0.0039289006893901135,145792.56360078277,-0.03246753246753242,-0.04259854940533825,smic_h,smic,HK-share,HKEX,HKD,77.4,77.6,73.75,74.5,77.0,-2.5,-3.2468,65838024,,1,77.0,-2.5,-3.2468,0,107211.70421105789
20260121,2026-01-21,00981.HK,73.45,77.75,73.35,77.25,4.400000000000006,3.1955799795422166,3.1321894521497016,80.1,73.25,False,False,False,69.48565956076943,1,1,161.94852017546532,90579.47637932046,HOLD,,,,,0.0,0.0,0.0,103089.99956287516,0.004338837620447178,151174.16829745597,0.03691275167785246,-0.0384445399736274,smic_h,smic,HK-share,HKEX,HKD,73.45,77.75,73.35,77.25,74.5,2.75,3.6913,75590192,,1,74.5,2.75,3.6913,0,107211.70421105789
20260122,2026-01-22,00981.HK,78.5,79.45,76.4,77.85,3.049999999999997,3.1883009805651055,3.1955799795422166,80.1,73.25,False,False,False,69.48565956076943,1,1,161.94852017546532,90579.47637932046,HOLD,,,,,0.0,0.0,0.0,103187.16867498044,0.0009425658406954085,152348.3365949119,0.007766990291261822,-0.03753821064307228,smic_h,smic,HK-share,HKEX,HKD,78.5,79.45,76.4,77.85,77.25,0.6000000000000001,0.7767000000000001,50921076,,1,77.25,0.6,0.7767,0,107211.70421105789
20260123,2026-01-23,00981.HK,78.5,78.55,76.85,78.1,1.7000000000000028,3.11388593153685,3.1883009805651055,80.1,73.25,False,False,False,69.48565956076943,1,1,161.94852017546532,90579.47637932046,HOLD,,,,,0.0,0.0,0.0,103227.6558050243,0.00039236593622793414,152837.57338551857,0.0032113037893386487,-0.03716057342200774,smic_h,smic,HK-share,HKEX,HKD,78.5,78.55,76.85,78.1,77.85,0.25,0.3211,36489263,,1,77.85,0.25,0.3211,0,107211.70421105789
20260126,2026-01-26,00981.HK,77.4,77.45,74.7,75.55,3.3999999999999915,3.128191634960007,3.11388593153685,80.1,73.25,False,False,False,69.48565956076943,1,1,161.94852017546532,90579.47637932046,HOLD,,,,,0.0,0.0,0.0,102814.68707857687,-0.004000562864930779,147847.35812133073,-0.032650448143405675,-0.04101247307686684,smic_h,smic,HK-share,HKEX,HKD,77.4,77.45,74.7,75.55,78.1,-2.55,-3.265,53747542,,1,78.1,-2.55,-3.265,0,107211.70421105789
20260127,2026-01-27,00981.HK,75.5,77.15,73.95,76.6,3.200000000000003,3.1317820532120066,3.128191634960007,80.1,73.25,False,False,False,69.48565956076943,1,1,161.94852017546532,90579.47637932046,HOLD,,,,,0.0,0.0,0.0,102984.73302476111,0.0016539071509722447,149902.15264187864,0.013898080741230778,-0.03942639674839543,smic_h,smic,HK-share,HKEX,HKD,75.5,77.15,73.95,76.6,75.55,1.05,1.3898,60791315,,1,75.55,1.05,1.3898,0,107211.70421105789
20260128,2026-01-28,00981.HK,77.2,79.9,77.15,79.3,3.3000000000000114,3.140192950551407,3.1317820532120066,80.1,73.35,False,False,False,69.48565956076943,1,1,161.94852017546532,90579.47637932046,HOLD,,,,,0.0,0.0,0.0,103421.99402923486,0.00424588180821539,155185.90998043053,0.03524804177545704,-0.03534791476089749,smic_h,smic,HK-share,HKEX,HKD,77.2,79.9,77.15,79.3,76.6,2.7,3.5248,98301722,,1,76.6,2.7,3.5248,0,107211.70421105789
20260129,2026-01-29,00981.HK,79.7,79.8,75.85,77.25,3.950000000000003,3.1806833030238364,3.140192950551407,80.1,73.35,False,False,False,69.48565956076943,1,1,161.94852017546532,90579.47637932046,HOLD,,,,,0.0,0.0,0.0,103089.99956287516,-0.003210095390984713,151174.16829745597,-0.025851197982345586,-0.0384445399736274,smic_h,smic,HK-share,HKEX,HKD,79.7,79.8,75.85,77.25,79.3,-2.05,-2.5851,74734384,,1,79.3,-2.05,-2.5851,0,107211.70421105789
20260130,2026-01-30,00981.HK,76.0,77.0,74.5,75.4,2.75,3.1591491378726446,3.1806833030238364,80.1,73.35,False,False,False,69.48565956076943,1,1,161.94852017546532,90579.47637932046,HOLD,,,,,0.0,0.0,0.0,102790.39480055055,-0.0029062446754777316,147553.81604696673,-0.023948220064724857,-0.041239055409505565,smic_h,smic,HK-share,HKEX,HKD,76.0,77.0,74.5,75.4,77.25,-1.85,-2.3948,52788932,,1,77.25,-1.85,-2.3948,0,107211.70421105789
20260202,2026-02-02,00981.HK,75.0,75.0,70.85,72.2,4.550000000000011,3.2286916809790127,3.1591491378726446,80.1,73.35,False,True,False,69.48565956076943,1,1,161.94852017546532,90579.47637932046,HOLD,,,,,0.0,0.0,0.0,102272.15953598906,-0.005041670144054322,141291.58512720157,-0.04244031830238726,-0.04607281183913281,smic_h,smic,HK-share,HKEX,HKD,75.0,75.0,70.85,72.2,75.4,-3.2,-4.244,97837858,,1,75.4,-3.2,-4.244,-1,107211.70421105789
20260203,2026-02-03,00981.HK,73.2,73.7,69.35,70.45,4.3500000000000085,3.2847570969300626,3.2286916809790127,80.1,70.85,False,True,False,,0,0,0.0,102416.3320359651,SELL,10-day low exit,2026-02-02,2026-02-03,73.16340000000001,11848.70436100564,11.848704361005641,5.927315838422031,102416.3320359651,0.0014096944919335108,137866.92759295498,-0.02423822714681456,-0.04472806593627676,smic_h,smic,HK-share,HKEX,HKD,73.2,73.7,69.35,70.45,72.2,-1.75,-2.4238,92793142,,1,72.2,-1.75,-2.4238,-1,107211.70421105789
20260204,2026-02-04,00981.HK,69.8,69.85,67.8,68.75,2.6500000000000057,3.2530192420835595,3.2847570969300626,80.1,69.35,False,True,False,,0,0,0.0,102416.3320359651,HOLD,,,,,0.0,0.0,0.0,102416.3320359651,0.0,134540.11741682974,-0.024130589070262554,-0.04472806593627676,smic_h,smic,HK-share,HKEX,HKD,69.8,69.85,67.8,68.75,70.45,-1.7,-2.4131,69297925,,1,70.45,-1.7,-2.4131,-1,107211.70421105789
20260205,2026-02-05,00981.HK,67.2,67.8,65.5,67.45,3.25,3.2528682799793813,3.2530192420835595,80.1,67.8,False,True,False,,0,0,0.0,102416.3320359651,HOLD,,,,,0.0,0.0,0.0,102416.3320359651,0.0,131996.08610567515,-0.018909090909090875,-0.04472806593627676,smic_h,smic,HK-share,HKEX,HKD,67.2,67.8,65.5,67.45,68.75,-1.3,-1.8909,75575663,,1,68.75,-1.3,-1.8909,-1,107211.70421105789
20260206,2026-02-06,00981.HK,66.0,69.05,65.75,67.6,3.299999999999997,3.255224865980412,3.2528682799793813,80.1,65.5,False,False,False,,0,0,0.0,102416.3320359651,HOLD,,,,,0.0,0.0,0.0,102416.3320359651,0.0,132289.62818003912,0.002223869532987255,-0.04472806593627676,smic_h,smic,HK-share,HKEX,HKD,66.0,69.05,65.75,67.6,67.45,0.15,0.2224,53161260,,1,67.45,0.15,0.2224,0,107211.70421105789
20260209,2026-02-09,00981.HK,69.6,71.75,69.0,70.35,4.150000000000006,3.2999636226813918,3.255224865980412,80.1,65.5,False,False,False,,0,0,0.0,102416.3320359651,HOLD,,,,,0.0,0.0,0.0,102416.3320359651,0.0,137671.2328767123,0.04068047337278102,-0.04472806593627676,smic_h,smic,HK-share,HKEX,HKD,69.6,71.75,69.0,70.35,67.6,2.75,4.068,54489471,,1,67.6,2.75,4.068,0,107211.70421105789
20260210,2026-02-10,00981.HK,71.2,71.95,70.15,71.55,1.7999999999999972,3.2249654415473215,3.2999636226813918,80.1,65.5,False,False,False,,0,0,0.0,102416.3320359651,HOLD,,,,,0.0,0.0,0.0,102416.3320359651,0.0,140019.56947162427,0.017057569296375474,-0.04472806593627676,smic_h,smic,HK-share,HKEX,HKD,71.2,71.95,70.15,71.55,70.35,1.2,1.7058,45008675,,1,70.35,1.2,1.7058,0,107211.70421105789
20260211,2026-02-11,00981.HK,69.85,70.0,68.25,70.0,3.299999999999997,3.228717169469955,3.2249654415473215,80.1,65.5,False,False,False,,0,0,0.0,102416.3320359651,HOLD,,,,,0.0,0.0,0.0,102416.3320359651,0.0,136986.301369863,-0.021663172606568915,-0.04472806593627676,smic_h,smic,HK-share,HKEX,HKD,69.85,70.0,68.25,70.0,71.55,-1.55,-2.1663,88262555,,1,71.55,-1.55,-2.1663,0,107211.70421105789
20260212,2026-02-12,00981.HK,70.8,71.0,69.35,69.8,1.6500000000000057,3.1497813109964574,3.228717169469955,80.1,65.5,False,False,False,,0,0,0.0,102416.3320359651,HOLD,,,,,0.0,0.0,0.0,102416.3320359651,0.0,136594.91193737768,-0.0028571428571428914,-0.04472806593627676,smic_h,smic,HK-share,HKEX,HKD,70.8,71.0,69.35,69.8,70.0,-0.2,-0.2857,40928219,,1,70.0,-0.2,-0.2857,0,107211.70421105789
20260213,2026-02-13,00981.HK,69.1,71.4,68.65,70.35,2.75,3.1297922454466347,3.1497813109964574,80.1,65.5,False,False,False,,0,0,0.0,102416.3320359651,HOLD,,,,,0.0,0.0,0.0,102416.3320359651,0.0,137671.2328767123,0.007879656160458381,-0.04472806593627676,smic_h,smic,HK-share,HKEX,HKD,69.1,71.4,68.65,70.35,69.8,0.55,0.788,49969181,,1,69.8,0.55,0.788,0,107211.70421105789
20260216,2026-02-16,00981.HK,70.4,70.4,70.4,70.4,0.05000000000001137,2.9758026331743035,3.1297922454466347,80.1,65.5,False,False,False,,0,0,0.0,102416.3320359651,HOLD,,,,,0.0,0.0,0.0,102416.3320359651,0.0,137769.08023483367,0.0007107320540158391,-0.04472806593627676,smic_h,smic,HK-share,HKEX,HKD,70.4,70.4,70.4,70.4,70.35,0.05,0.0711,0,,1,70.35,0.05,0.0711,0,107211.70421105789
20260220,2026-02-20,00981.HK,69.9,70.45,67.7,67.7,2.75,2.964512501515588,2.9758026331743035,79.9,65.5,False,False,False,,0,0,0.0,102416.3320359651,HOLD,,,,,0.0,0.0,0.0,102416.3320359651,0.0,132485.3228962818,-0.03835227272727271,-0.04472806593627676,smic_h,smic,HK-share,HKEX,HKD,69.9,70.45,67.7,67.7,70.4,-2.7,-3.8352,13802979,,1,70.4,-2.7,-3.8352,0,107211.70421105789
20260223,2026-02-23,00981.HK,68.4,71.75,68.4,71.1,4.049999999999997,3.0187868764398087,2.964512501515588,79.9,65.5,False,False,False,,0,0,0.0,102416.3320359651,HOLD,,,,,0.0,0.0,0.0,102416.3320359651,0.0,139138.94324853228,0.05022156573116665,-0.04472806593627676,smic_h,smic,HK-share,HKEX,HKD,68.4,71.75,68.4,71.1,67.7,3.4,5.0222,23965395,,1,67.7,3.4,5.0222,0,107211.70421105789
20260224,2026-02-24,00981.HK,69.9,70.8,68.6,69.4,2.5,2.9928475326178186,3.0187868764398087,79.9,65.5,False,False,False,,0,0,0.0,102416.3320359651,HOLD,,,,,0.0,0.0,0.0,102416.3320359651,0.0,135812.13307240707,-0.023909985935302136,-0.04472806593627676,smic_h,smic,HK-share,HKEX,HKD,69.9,70.8,68.6,69.4,71.1,-1.7,-2.391,51793107,,1,71.1,-1.7,-2.391,0,107211.70421105789
20260225,2026-02-25,00981.HK,70.55,71.0,69.8,69.85,1.5999999999999943,2.923205155986927,2.9928475326178186,79.9,65.75,False,False,False,,0,0,0.0,102416.3320359651,HOLD,,,,,0.0,0.0,0.0,102416.3320359651,0.0,136692.759295499,0.006484149855907395,-0.04472806593627676,smic_h,smic,HK-share,HKEX,HKD,70.55,71.0,69.8,69.85,69.4,0.45,0.6484,43679241,,1,69.4,0.45,0.6484,0,107211.70421105789
20260226,2026-02-26,00981.HK,70.65,70.65,67.6,67.6,3.0500000000000114,2.9295448981875816,2.923205155986927,79.9,67.7,False,True,False,,0,0,0.0,102416.3320359651,HOLD,,,,,0.0,0.0,0.0,102416.3320359651,0.0,132289.62818003912,-0.0322118826055835,-0.04472806593627676,smic_h,smic,HK-share,HKEX,HKD,70.65,70.65,67.6,67.6,69.85,-2.25,-3.2212,56464703,,1,69.85,-2.25,-3.2212,-1,107211.70421105789
20260227,2026-02-27,00981.HK,67.6,69.0,66.45,68.0,2.549999999999997,2.9105676532782025,2.9295448981875816,79.9,67.6,False,False,False,,0,0,0.0,102416.3320359651,HOLD,,,,,0.0,0.0,0.0,102416.3320359651,0.0,133072.40704500978,0.00591715976331364,-0.04472806593627676,smic_h,smic,HK-share,HKEX,HKD,67.6,69.0,66.45,68.0,67.6,0.4,0.5917,36167811,,1,67.6,0.4,0.5917,0,107211.70421105789
20260302,2026-03-02,00981.HK,66.6,67.6,64.55,64.6,3.450000000000003,2.9375392706142924,2.9105676532782025,79.9,66.45,False,True,False,,0,0,0.0,102416.3320359651,HOLD,,,,,0.0,0.0,0.0,102416.3320359651,0.0,126418.78669275927,-0.050000000000000155,-0.04472806593627676,smic_h,smic,HK-share,HKEX,HKD,66.6,67.6,64.55,64.6,68.0,-3.4,-5.0,91011720,,1,68.0,-3.4,-5.0,-1,107211.70421105789
20260303,2026-03-03,00981.HK,65.25,65.5,61.0,62.55,4.5,3.015662307083578,2.9375392706142924,79.8,64.55,False,True,False,,0,0,0.0,102416.3320359651,HOLD,,,,,0.0,0.0,0.0,102416.3320359651,0.0,122407.04500978474,-0.03173374613003077,-0.04472806593627676,smic_h,smic,HK-share,HKEX,HKD,65.25,65.5,61.0,62.55,64.6,-2.05,-3.1734,85167593,,1,64.6,-2.05,-3.1734,-1,107211.70421105789
20260304,2026-03-04,00981.HK,61.0,63.2,60.7,61.25,2.5,2.989879191729399,3.015662307083578,77.0,61.0,False,False,False,,0,0,0.0,102416.3320359651,HOLD,,,,,0.0,0.0,0.0,102416.3320359651,0.0,119863.01369863014,-0.02078337330135893,-0.04472806593627676,smic_h,smic,HK-share,HKEX,HKD,61.0,63.2,60.7,61.25,62.55,-1.3,-2.0783,60414856,,1,62.55,-1.3,-2.0783,0,107211.70421105789
20260305,2026-03-05,00981.HK,63.0,63.55,61.25,61.5,2.299999999999997,2.955385232142929,2.989879191729399,75.0,60.7,False,False,False,,0,0,0.0,102416.3320359651,HOLD,,,,,0.0,0.0,0.0,102416.3320359651,0.0,120352.25048923679,0.004081632653061273,-0.04472806593627676,smic_h,smic,HK-share,HKEX,HKD,63.0,63.55,61.25,61.5,61.25,0.25,0.4082,50672825,,1,61.25,0.25,0.4082,0,107211.70421105789
20260306,2026-03-06,00981.HK,61.65,63.6,61.1,61.8,2.5,2.9326159705357826,2.955385232142929,73.7,60.7,False,False,False,,0,0,0.0,102416.3320359651,HOLD,,,,,0.0,0.0,0.0,102416.3320359651,0.0,120939.33463796477,0.004878048780487809,-0.04472806593627676,smic_h,smic,HK-share,HKEX,HKD,61.65,63.6,61.1,61.8,61.5,0.3,0.4878,70796224,,1,61.5,0.3,0.4878,0,107211.70421105789
20260309,2026-03-09,00981.HK,58.8,61.3,58.3,60.85,3.5,2.9609851720089937,2.9326159705357826,71.95,60.7,False,False,False,,0,0,0.0,102416.3320359651,HOLD,,,,,0.0,0.0,0.0,102416.3320359651,0.0,119080.23483365949,-0.0153721682847896,-0.04472806593627676,smic_h,smic,HK-share,HKEX,HKD,58.8,61.3,58.3,60.85,61.8,-0.95,-1.5372,69946059,,1,61.8,-0.95,-1.5372,0,107211.70421105789
20260310,2026-03-10,00981.HK,62.35,64.2,61.8,64.2,3.3500000000000014,2.9804359134085443,2.9609851720089937,71.95,58.3,False,False,False,,0,0,0.0,102416.3320359651,HOLD,,,,,0.0,0.0,0.0,102416.3320359651,0.0,125636.00782778865,0.05505341002465092,-0.04472806593627676,smic_h,smic,HK-share,HKEX,HKD,62.35,64.2,61.8,64.2,60.85,3.35,5.5053,58878832,,1,60.85,3.35,5.5053,0,107211.70421105789
20260311,2026-03-11,00981.HK,64.5,65.4,63.35,63.75,2.0500000000000043,2.933914117738117,2.9804359134085443,71.95,58.3,False,False,False,,0,0,0.0,102416.3320359651,HOLD,,,,,0.0,0.0,0.0,102416.3320359651,0.0,124755.38160469667,-0.007009345794392607,-0.04472806593627676,smic_h,smic,HK-share,HKEX,HKD,64.5,65.4,63.35,63.75,64.2,-0.45,-0.7009000000000001,39428906,,1,64.2,-0.45,-0.7009,0,107211.70421105789
20260312,2026-03-12,00981.HK,63.1,65.6,62.4,63.1,3.1999999999999957,2.9472184118512113,2.933914117738117,71.95,58.3,False,False,False,,0,0,0.0,102416.3320359651,HOLD,,,,,0.0,0.0,0.0,102416.3320359651,0.0,123483.36594911937,-0.010196078431372602,-0.04472806593627676,smic_h,smic,HK-share,HKEX,HKD,63.1,65.6,62.4,63.1,63.75,-0.65,-1.0196,41020368,,1,63.75,-0.65,-1.0196,0,107211.70421105789
20260313,2026-03-13,00981.HK,62.6,62.9,61.3,62.2,1.8000000000000043,2.8898574912586508,2.9472184118512113,71.95,58.3,False,False,False,,0,0,0.0,102416.3320359651,HOLD,,,,,0.0,0.0,0.0,102416.3320359651,0.0,121722.11350293542,-0.01426307448494446,-0.04472806593627676,smic_h,smic,HK-share,HKEX,HKD,62.6,62.9,61.3,62.2,63.1,-0.9,-1.4263,40672853,,1,63.1,-0.9,-1.4263,0,107211.70421105789
20260316,2026-03-16,00981.HK,61.85,64.15,60.5,62.5,3.6500000000000057,2.9278646166957185,2.8898574912586508,71.75,58.3,False,False,False,,0,0,0.0,102416.3320359651,HOLD,,,,,0.0,0.0,0.0,102416.3320359651,0.0,122309.1976516634,0.004823151125401992,-0.04472806593627676,smic_h,smic,HK-share,HKEX,HKD,61.85,64.15,60.5,62.5,62.2,0.3,0.4823,53596361,,1,62.2,0.3,0.4823,0,107211.70421105789
20260317,2026-03-17,00981.HK,63.15,63.35,61.1,61.85,2.25,2.8939713858609326,2.9278646166957185,71.75,58.3,False,False,False,,0,0,0.0,102416.3320359651,HOLD,,,,,0.0,0.0,0.0,102416.3320359651,0.0,121037.1819960861,-0.010399999999999965,-0.04472806593627676,smic_h,smic,HK-share,HKEX,HKD,63.15,63.35,61.1,61.85,62.5,-0.65,-1.04,44776126,,1,62.5,-0.65,-1.04,0,107211.70421105789
20260318,2026-03-18,00981.HK,62.3,62.7,61.1,61.7,1.6000000000000014,2.8292728165678858,2.8939713858609326,71.75,58.3,False,False,False,,0,0,0.0,102416.3320359651,HOLD,,,,,0.0,0.0,0.0,102416.3320359651,0.0,120743.6399217221,-0.0024252223120453387,-0.04472806593627676,smic_h,smic,HK-share,HKEX,HKD,62.3,62.7,61.1,61.7,61.85,-0.15,-0.2425,38618450,,1,61.85,-0.15,-0.2425,0,107211.70421105789
20260319,2026-03-19,00981.HK,60.5,61.1,59.25,59.75,2.450000000000003,2.8103091757394916,2.8292728165678858,71.75,58.3,False,False,False,,0,0,0.0,102416.3320359651,HOLD,,,,,0.0,0.0,0.0,102416.3320359651,0.0,116927.5929549902,-0.031604538087520284,-0.04472806593627676,smic_h,smic,HK-share,HKEX,HKD,60.5,61.1,59.25,59.75,61.7,-1.95,-3.1605,68178947,,1,61.7,-1.95,-3.1605,0,107211.70421105789
20260320,2026-03-20,00981.HK,59.75,60.45,56.3,56.9,4.150000000000006,2.8772937169525172,2.8103091757394916,71.75,58.3,False,True,False,,0,0,0.0,102416.3320359651,HOLD,,,,,0.0,0.0,0.0,102416.3320359651,0.0,111350.29354207436,-0.04769874476987446,-0.04472806593627676,smic_h,smic,HK-share,HKEX,HKD,59.75,60.45,56.3,56.9,59.75,-2.85,-4.7699,86432962,,1,59.75,-2.85,-4.7699,-1,107211.70421105789
20260323,2026-03-23,00981.HK,55.0,55.95,52.8,54.15,4.100000000000001,2.9384290311048913,2.8772937169525172,71.75,56.3,False,True,False,,0,0,0.0,102416.3320359651,HOLD,,,,,0.0,0.0,0.0,102416.3320359651,0.0,105968.68884540116,-0.048330404217926226,-0.04472806593627676,smic_h,smic,HK-share,HKEX,HKD,55.0,55.95,52.8,54.15,56.9,-2.75,-4.833,107629358,,1,56.9,-2.75,-4.833,-1,107211.70421105789
20260324,2026-03-24,00981.HK,55.05,55.2,53.1,55.2,2.1000000000000014,2.8965075795496467,2.9384290311048913,71.0,52.8,False,False,False,,0,0,0.0,102416.3320359651,HOLD,,,,,0.0,0.0,0.0,102416.3320359651,0.0,108023.48336594911,0.01939058171745156,-0.04472806593627676,smic_h,smic,HK-share,HKEX,HKD,55.05,55.2,53.1,55.2,54.15,1.05,1.9391,62381777,,1,54.15,1.05,1.9391,0,107211.70421105789
20260325,2026-03-25,00981.HK,55.6,57.7,55.6,56.5,2.5,2.8766822005721644,2.8965075795496467,71.0,52.8,False,False,False,,0,0,0.0,102416.3320359651,HOLD,,,,,0.0,0.0,0.0,102416.3320359651,0.0,110567.51467710371,0.023550724637681153,-0.04472806593627676,smic_h,smic,HK-share,HKEX,HKD,55.6,57.7,55.6,56.5,55.2,1.3,2.3551,55556759,,1,55.2,1.3,2.3551,0,107211.70421105789
20260326,2026-03-26,00981.HK,56.0,56.1,52.9,53.15,3.6000000000000014,2.912848090543556,2.8766822005721644,70.65,52.8,False,False,False,,0,0,0.0,102416.3320359651,HOLD,,,,,0.0,0.0,0.0,102416.3320359651,0.0,104011.74168297456,-0.059292035398230025,-0.04472806593627676,smic_h,smic,HK-share,HKEX,HKD,56.0,56.1,52.9,53.15,56.5,-3.35,-5.9292,67639023,,1,56.5,-3.35,-5.9292,0,107211.70421105789
20260327,2026-03-27,00981.HK,52.1,53.45,51.8,52.5,1.6500000000000057,2.8497056860163785,2.912848090543556,69.0,52.8,False,True,False,,0,0,0.0,102416.3320359651,HOLD,,,,,0.0,0.0,0.0,102416.3320359651,0.0,102739.72602739726,-0.012229539040451542,-0.04472806593627676,smic_h,smic,HK-share,HKEX,HKD,52.1,53.45,51.8,52.5,53.15,-0.65,-1.223,55576934,,1,53.15,-0.65,-1.223,-1,107211.70421105789
20260330,2026-03-30,00981.HK,50.5,51.7,49.32,51.4,3.1799999999999997,2.8662204017155597,2.8497056860163785,67.6,51.8,False,True,False,,0,0,0.0,102416.3320359651,HOLD,,,,,0.0,0.0,0.0,102416.3320359651,0.0,100587.08414872798,-0.020952380952381056,-0.04472806593627676,smic_h,smic,HK-share,HKEX,HKD,50.5,51.7,49.32,51.4,52.5,-1.1,-2.0952,79858927,,1,52.5,-1.1,-2.0952,-1,107211.70421105789
20260331,2026-03-31,00981.HK,50.8,52.9,50.0,50.7,2.8999999999999986,2.8679093816297816,2.8662204017155597,65.6,49.32,False,False,False,,0,0,0.0,102416.3320359651,HOLD,,,,,0.0,0.0,0.0,102416.3320359651,0.0,99217.22113502935,-0.013618677042801619,-0.04472806593627676,smic_h,smic,HK-share,HKEX,HKD,50.8,52.9,50.0,50.7,51.4,-0.7000000000000001,-1.3619,49238685,,1,51.4,-0.7,-1.3619,0,107211.70421105789
20260401,2026-04-01,00981.HK,52.75,53.65,51.9,52.85,2.9499999999999957,2.8720139125482924,2.8679093816297816,65.6,49.32,False,False,False,,0,0,0.0,102416.3320359651,HOLD,,,,,0.0,0.0,0.0,102416.3320359651,0.0,103424.65753424657,0.04240631163708075,-0.04472806593627676,smic_h,smic,HK-share,HKEX,HKD,52.75,53.65,51.9,52.85,50.7,2.15,4.2406,62707381,,1,50.7,2.15,4.2406,0,107211.70421105789
20260402,2026-04-02,00981.HK,52.85,52.85,50.05,51.0,2.8000000000000043,2.868413216920878,2.8720139125482924,65.6,49.32,False,False,False,,0,0,0.0,102416.3320359651,HOLD,,,,,0.0,0.0,0.0,102416.3320359651,0.0,99804.30528375733,-0.035004730368968784,-0.04472806593627676,smic_h,smic,HK-share,HKEX,HKD,52.85,52.85,50.05,51.0,52.85,-1.85,-3.5005,65408563,,1,52.85,-1.85,-3.5005,0,107211.70421105789
20260408,2026-04-08,00981.HK,54.8,57.15,53.95,56.15,6.149999999999999,3.032492556074834,2.868413216920878,65.6,49.32,False,False,False,,0,0,0.0,102416.3320359651,HOLD,,,,,0.0,0.0,0.0,102416.3320359651,0.0,109882.5831702544,0.10098039215686261,-0.04472806593627676,smic_h,smic,HK-share,HKEX,HKD,54.8,57.15,53.95,56.15,51.0,5.15,10.098,120792522,,1,51.0,5.15,10.098,0,107211.70421105789
20260409,2026-04-09,00981.HK,55.65,57.0,54.5,55.7,2.5,3.0058679282710923,3.032492556074834,65.6,49.32,False,False,False,,0,0,0.0,102416.3320359651,HOLD,,,,,0.0,0.0,0.0,102416.3320359651,0.0,109001.95694716243,-0.008014247551202058,-0.04472806593627676,smic_h,smic,HK-share,HKEX,HKD,55.65,57.0,54.5,55.7,56.15,-0.45,-0.8014,51135459,,1,56.15,-0.45,-0.8014,0,107211.70421105789
20260410,2026-04-10,00981.HK,57.0,59.6,56.9,58.25,3.8999999999999986,3.0505745318575377,3.0058679282710923,65.6,49.32,False,False,False,,0,0,0.0,102416.3320359651,HOLD,,,,,0.0,0.0,0.0,102416.3320359651,0.0,113992.17221135029,0.04578096947935362,-0.04472806593627676,smic_h,smic,HK-share,HKEX,HKD,57.0,59.6,56.9,58.25,55.7,2.55,4.5781,104483042,,1,55.7,2.55,4.5781,0,107211.70421105789
20260413,2026-04-13,00981.HK,57.4,58.2,56.6,57.15,1.6499999999999986,2.9805458052646605,3.0505745318575377,65.6,49.32,False,False,False,,0,0,0.0,102416.3320359651,HOLD,,,,,0.0,0.0,0.0,102416.3320359651,0.0,111839.53033268101,-0.018884120171673846,-0.04472806593627676,smic_h,smic,HK-share,HKEX,HKD,57.4,58.2,56.6,57.15,58.25,-1.1,-1.8884,41213698,,1,58.25,-1.1,-1.8884,0,107211.70421105789
20260414,2026-04-14,00981.HK,58.9,58.9,57.15,57.95,1.75,2.9190185150014276,2.9805458052646605,65.6,49.32,False,False,False,,0,0,0.0,102416.3320359651,HOLD,,,,,0.0,0.0,0.0,102416.3320359651,0.0,113405.08806262231,0.013998250218722808,-0.04472806593627676,smic_h,smic,HK-share,HKEX,HKD,58.9,58.9,57.15,57.95,57.15,0.8,1.3998,41751669,,1,57.15,0.8,1.3998,0,107211.70421105789
20260415,2026-04-15,00981.HK,59.7,60.45,58.65,59.3,2.5,2.8980675892513563,2.9190185150014276,64.15,49.32,False,False,False,,0,0,0.0,102416.3320359651,HOLD,,,,,0.0,0.0,0.0,102416.3320359651,0.0,116046.96673189824,0.023295944779982758,-0.04472806593627676,smic_h,smic,HK-share,HKEX,HKD,59.7,60.45,58.65,59.3,57.95,1.35,2.3296,68304303,,1,57.95,1.35,2.3296,0,107211.70421105789
20260416,2026-04-16,00981.HK,59.3,60.15,58.75,59.95,1.3999999999999986,2.8231642097887883,2.8980675892513563,64.15,49.32,False,False,False,,0,0,0.0,102416.3320359651,HOLD,,,,,0.0,0.0,0.0,102416.3320359651,0.0,117318.98238747554,0.010961214165261302,-0.04472806593627676,smic_h,smic,HK-share,HKEX,HKD,59.3,60.15,58.75,59.95,59.3,0.65,1.0961,48238382,,1,59.3,0.65,1.0961,0,107211.70421105789
20260417,2026-04-17,00981.HK,60.0,60.45,58.65,59.35,1.8000000000000043,2.772005999299349,2.8231642097887883,63.35,50.0,False,False,False,,0,0,0.0,102416.3320359651,HOLD,,,,,0.0,0.0,0.0,102416.3320359651,0.0,116144.81409001957,-0.010008340283569672,-0.04472806593627676,smic_h,smic,HK-share,HKEX,HKD,60.0,60.45,58.65,59.35,59.95,-0.6000000000000001,-1.0008,43292976,,1,59.95,-0.6,-1.0008,0,107211.70421105789
20260420,2026-04-20,00981.HK,60.0,60.95,58.8,59.8,2.1500000000000057,2.7409056993343817,2.772005999299349,62.7,50.05,False,False,False,,0,0,0.0,102416.3320359651,HOLD,,,,,0.0,0.0,0.0,102416.3320359651,0.0,117025.44031311154,0.0075821398483570945,-0.04472806593627676,smic_h,smic,HK-share,HKEX,HKD,60.0,60.95,58.8,59.8,59.35,0.45,0.7582,56745504,,1,59.35,0.45,0.7582,0,107211.70421105789
20260421,2026-04-21,00981.HK,60.3,60.4,59.3,60.1,1.1000000000000014,2.6588604143676626,2.7409056993343817,61.1,50.05,False,False,False,,0,0,0.0,102416.3320359651,HOLD,,,,,0.0,0.0,0.0,102416.3320359651,0.0,117612.52446183952,0.0050167224080266415,-0.04472806593627676,smic_h,smic,HK-share,HKEX,HKD,60.3,60.4,59.3,60.1,59.8,0.3,0.5017,35219004,,1,59.8,0.3,0.5017,0,107211.70421105789
20260422,2026-04-22,00981.HK,59.6,60.15,58.45,59.3,1.6999999999999957,2.610917393649279,2.6588604143676626,60.95,53.95,False,False,False,,0,0,0.0,102416.3320359651,HOLD,,,,,0.0,0.0,0.0,102416.3320359651,0.0,116046.96673189824,-0.01331114808652234,-0.04472806593627676,smic_h,smic,HK-share,HKEX,HKD,59.6,60.15,58.45,59.3,60.1,-0.8,-1.3311,59394935,,1,60.1,-0.8,-1.3311,0,107211.70421105789
20260423,2026-04-23,00981.HK,59.9,60.45,57.7,58.45,2.75,2.617871523966815,2.610917393649279,60.95,54.5,False,False,False,,0,0,0.0,102416.3320359651,HOLD,,,,,0.0,0.0,0.0,102416.3320359651,0.0,114383.56164383561,-0.014333895446880351,-0.04472806593627676,smic_h,smic,HK-share,HKEX,HKD,59.9,60.45,57.7,58.45,59.3,-0.85,-1.4334,53658696,,1,59.3,-0.85,-1.4334,0,107211.70421105789
20260424,2026-04-24,00981.HK,57.7,65.3,57.65,64.3,7.649999999999999,2.869477947768474,2.617871523966815,60.95,56.6,True,False,False,,0,0,0.0,102416.3320359651,HOLD,,,,,0.0,0.0,0.0,102416.3320359651,0.0,125831.7025440313,0.10008554319931573,-0.04472806593627676,smic_h,smic,HK-share,HKEX,HKD,57.7,65.3,57.65,64.3,58.45,5.85,10.0086,197782770,,1,58.45,5.85,10.0086,1,107211.70421105789
20260427,2026-04-27,00981.HK,67.2,69.95,66.55,68.25,5.650000000000006,3.0085040503800506,2.869477947768474,65.3,56.6,True,False,False,61.997856952066364,1,1,195.60992794783033,89251.62082464018,BUY,20-day high breakout,2026-04-24,2026-04-27,67.2336,13151.559651673244,13.151559651673244,6.572493579047099,102601.9984070796,0.001812859017928048,133561.64383561644,0.061430793157076335,-0.04299629259603577,smic_h,smic,HK-share,HKEX,HKD,67.2,69.95,66.55,68.25,64.3,3.95,6.1431,174513759,,1,64.3,3.95,6.1431,1,107211.70421105789
20260428,2026-04-28,00981.HK,68.7,68.9,65.3,66.05,3.6000000000000085,3.0380788478610485,3.0085040503800506,69.95,57.15,False,False,False,61.997856952066364,1,1,195.60992794783033,89251.62082464018,HOLD,,,,,0.0,0.0,0.0,102171.65656559437,-0.004194283231968132,129256.36007827788,-0.03223443223443234,-0.047010237198931604,smic_h,smic,HK-share,HKEX,HKD,68.7,68.9,65.3,66.05,68.25,-2.2,-3.2234,95445464,,1,68.25,-2.2,-3.2234,0,107211.70421105789
20260429,2026-04-29,00981.HK,65.65,66.25,64.1,65.8,2.1500000000000057,2.9936749054679965,3.0380788478610485,69.95,57.65,False,False,False,61.997856952066364,1,1,195.60992794783033,89251.62082464018,HOLD,,,,,0.0,0.0,0.0,102122.75408360742,-0.0004786306068704782,128767.12328767123,-0.0037850113550340625,-0.047466367267442355,smic_h,smic,HK-share,HKEX,HKD,65.65,66.25,64.1,65.8,66.05,-0.25,-0.3785,65251961,,1,66.05,-0.25,-0.3785,0,107211.70421105789
20260430,2026-04-30,00981.HK,66.35,71.7,66.0,70.9,5.900000000000006,3.138991160194597,2.9936749054679965,69.95,57.65,True,False,False,61.997856952066364,1,1,195.60992794783033,89251.62082464018,HOLD,,,,,0.0,0.0,0.0,103120.36471614135,0.009768739998112341,138747.55381604697,0.07750759878419466,-0.03816131386982047,smic_h,smic,HK-share,HKEX,HKD,66.35,71.7,66.0,70.9,65.8,5.1,7.7508,168177459,,1,65.8,5.1,7.7508,1,107211.70421105789
20260504,2026-05-04,00981.HK,72.0,74.65,72.0,72.15,3.75,3.169541602184867,3.138991160194597,71.7,57.65,True,False,False,61.997856952066364,1,1,195.60992794783033,89251.62082464018,HOLD,,,,,0.0,0.0,0.0,103364.87712607614,0.002371136007982999,141193.73776908024,0.017630465444287813,-0.035880663527266154,smic_h,smic,HK-share,HKEX,HKD,72.0,74.65,72.0,72.15,70.9,1.25,1.763,39679795,,1,70.9,1.25,1.763,1,107211.70421105789
20260505,2026-05-05,00981.HK,71.3,71.9,70.1,70.8,2.0500000000000114,3.1135645220756243,3.169541602184867,74.65,57.65,False,False,False,61.997856952066364,1,1,195.60992794783033,89251.62082464018,HOLD,,,,,0.0,0.0,0.0,103100.80372334657,-0.0025547691834187924,138551.8590998043,-0.018711018711018768,-0.03834376589722488,smic_h,smic,HK-share,HKEX,HKD,71.3,71.9,70.1,70.8,72.15,-1.35,-1.8711,17343650,,1,72.15,-1.35,-1.8711,0,107211.70421105789
20260506,2026-05-06,00981.HK,73.75,79.4,73.6,74.85,8.600000000000009,3.3878862959718434,3.1135645220756243,74.65,57.65,True,False,False,61.997856952066364,1,1,195.60992794783033,89251.62082464018,HOLD,,,,,0.0,0.0,0.0,103893.02393153528,0.007683938238876253,146477.49510763207,0.05720338983050821,-0.030954458787348704,smic_h,smic,HK-share,HKEX,HKD,73.75,79.4,73.6,74.85,70.8,4.05,5.7203,216090246,,1,70.8,4.05,5.7203,1,107211.70421105789
20260507,2026-05-07,00981.HK,76.55,79.4,74.35,76.75,5.050000000000011,3.4709919811732517,3.3878862959718434,79.4,57.65,False,False,False,61.997856952066364,1,1,195.60992794783033,89251.62082464018,HOLD,,,,,0.0,0.0,0.0,104264.68279463616,0.003577322605854638,150195.69471624267,0.025384101536406245,-0.027487870266665992,smic_h,smic,HK-share,HKEX,HKD,76.55,79.4,74.35,76.75,74.85,1.9,2.5384,145130185,,1,74.85,1.9,2.5384,0,107211.70421105789
20260508,2026-05-08,00981.HK,74.85,75.3,72.5,73.35,4.25,3.509942382114589,3.4709919811732517,79.4,57.65,False,False,False,61.997856952066364,1,1,195.60992794783033,89251.62082464018,HOLD,,,,,0.0,0.0,0.0,103599.60903961354,-0.006378705974031229,143542.07436399214,-0.04429967426710124,-0.03369123919841388,smic_h,smic,HK-share,HKEX,HKD,74.85,75.3,72.5,73.35,76.75,-3.4,-4.43,106496499,,1,76.75,-3.4,-4.43,0,107211.70421105789
20260511,2026-05-11,00981.HK,75.65,77.85,75.55,76.6,4.5,3.5594452630088598,3.509942382114589,79.4,57.65,False,False,False,61.997856952066364,1,1,195.60992794783033,89251.62082464018,HOLD,,,,,0.0,0.0,0.0,104235.34130544399,0.006136434989705064,149902.15264187864,0.044308111792774385,-0.027761548307772554,smic_h,smic,HK-share,HKEX,HKD,75.65,77.85,75.55,76.6,73.35,3.25,4.4308,110370158,,1,73.35,3.25,4.4308,0,107211.70421105789
20260512,2026-05-12,00981.HK,77.95,78.0,73.4,76.6,4.599999999999994,3.6114729998584165,3.5594452630088598,79.4,64.1,False,False,False,61.997856952066364,1,1,195.60992794783033,89251.62082464018,HOLD,,,,,0.0,0.0,0.0,104235.34130544399,0.0,149902.15264187864,0.0,-0.027761548307772554,smic_h,smic,HK-share,HKEX,HKD,77.95,78.0,73.4,76.6,76.6,0.0,0.0,99822983,,1,76.6,0.0,0.0,0,107211.70421105789
20260513,2026-05-13,00981.HK,74.35,75.2,72.1,74.15,4.5,3.6558993498654955,3.6114729998584165,79.4,64.1,False,False,False,61.997856952066364,1,1,195.60992794783033,89251.62082464018,HOLD,,,,,0.0,0.0,0.0,103756.0969819718,-0.0045977143401664256,145107.63209393347,-0.031984334203655096,-0.03223162297917914,smic_h,smic,HK-share,HKEX,HKD,74.35,75.2,72.1,74.15,76.6,-2.45,-3.1984,86814246,,1,76.6,-2.45,-3.1984,0,107211.70421105789
20260514,2026-05-14,00981.HK,75.3,76.1,71.5,71.5,4.599999999999994,3.7031043823722207,3.6558993498654955,79.4,64.1,False,False,False,61.997856952066364,1,1,195.60992794783033,89251.62082464018,HOLD,,,,,0.0,0.0,0.0,103237.73067291005,-0.004996008178216438,139921.72211350294,-0.0357383681726231,-0.03706660170539444,smic_h,smic,HK-share,HKEX,HKD,75.3,76.1,71.5,71.5,74.15,-2.65,-3.5738,98394521,,1,74.15,-2.65,-3.5738,0,107211.70421105789
20260515,2026-05-15,00981.HK,73.9,76.65,70.75,71.15,5.900000000000006,3.8129491632536103,3.7031043823722207,79.4,66.0,False,False,False,61.997856952066364,1,1,195.60992794783033,89251.62082464018,HOLD,,,,,0.0,0.0,0.0,103169.2671981283,-0.0006631633060460995,139236.79060665364,-0.004895104895104807,-0.037705183801309716,smic_h,smic,HK-share,HKEX,HKD,73.9,76.65,70.75,71.15,71.5,-0.35,-0.4895,156841011,,1,71.5,-0.35,-0.4895,0,107211.70421105789
20260518,2026-05-18,00981.HK,70.55,72.65,67.6,68.7,5.050000000000011,3.8748017050909302,3.8129491632536103,79.4,70.1,False,True,False,61.997856952066364,1,1,195.60992794783033,89251.62082464018,HOLD,,,,,0.0,0.0,0.0,102690.02287465612,-0.004645223684218269,134442.2700587084,-0.034434293745608024,-0.042175258472716304,smic_h,smic,HK-share,HKEX,HKD,70.55,72.65,67.6,68.7,71.15,-2.45,-3.4434,118961756,,1,71.15,-2.45,-3.4434,-1,107211.70421105789
20260519,2026-05-19,00981.HK,67.95,69.4,65.2,68.5,4.200000000000003,3.891061619836384,3.8748017050909302,79.4,67.6,False,False,False,,0,0,0.0,102523.38453263647,SELL,10-day low exit,2026-05-18,2026-05-19,67.916025,13285.048756753044,13.285048756753044,6.645847302027536,102523.38453263647,-0.0016227315697753264,134050.88062622308,-0.0029112081513829047,-0.043729550919104465,smic_h,smic,HK-share,HKEX,HKD,67.95,69.4,65.2,68.5,68.7,-0.2,-0.2911,119791532,,1,68.7,-0.2,-0.2911,0,107211.70421105789
20260520,2026-05-20,00981.HK,68.05,77.45,67.6,75.15,9.850000000000009,4.189008538844566,3.891061619836384,79.4,65.2,False,False,False,,0,0,0.0,102523.38453263647,HOLD,,,,,0.0,0.0,0.0,102523.38453263647,0.0,147064.5792563601,0.09708029197080315,-0.043729550919104465,smic_h,smic,HK-share,HKEX,HKD,68.05,77.45,67.6,75.15,68.5,6.65,9.708,258516139,,1,68.5,6.65,9.708,0,107211.70421105789
20260521,2026-05-21,00981.HK,78.0,79.4,73.5,74.2,5.900000000000006,4.274558111902338,4.189008538844566,79.4,65.2,False,False,False,,0,0,0.0,102523.38453263647,HOLD,,,,,0.0,0.0,0.0,102523.38453263647,0.0,145205.4794520548,-0.01264138389886904,-0.043729550919104465,smic_h,smic,HK-share,HKEX,HKD,78.0,79.4,73.5,74.2,75.15,-0.95,-1.2641,179007685,,1,75.15,-0.95,-1.2641,0,107211.70421105789
20260522,2026-05-22,00981.HK,76.85,80.1,73.6,79.85,6.5,4.3858302063072205,4.274558111902338,79.4,65.2,True,False,False,,0,0,0.0,102523.38453263647,HOLD,,,,,0.0,0.0,0.0,102523.38453263647,0.0,156262.23091976513,0.0761455525606467,-0.043729550919104465,smic_h,smic,HK-share,HKEX,HKD,76.85,80.1,73.6,79.85,74.2,5.65,7.6146,212610930,,1,74.2,5.65,7.6146,1,107211.70421105789
20260526,2026-05-26,00981.HK,91.8,93.0,84.1,84.4,13.150000000000006,4.8240386959918595,4.3858302063072205,80.1,65.2,True,False,False,83.29678377619531,1,1,119.92278716151286,91497.95379896152,BUY,20-day high breakout,2026-05-22,2026-05-26,91.84589999999999,11014.416317357593,11.014416317357593,5.50445593071344,101619.4370353932,-0.008816988449649843,165166.34050880626,0.05698184095178482,-0.052160976423392236,smic_h,smic,HK-share,HKEX,HKD,91.8,93.0,84.1,84.4,79.85,4.55,5.6982,371835947,,1,79.85,4.55,5.6982,1,107211.70421105789
20260527,2026-05-27,00981.HK,86.0,89.45,83.15,85.2,6.299999999999997,4.897836761192266,4.8240386959918595,93.0,65.2,False,False,False,83.29678377619531,1,1,119.92278716151286,91497.95379896152,HOLD,,,,,0.0,0.0,0.0,101715.37526512242,0.000944093300731419,166731.89823874756,0.009478672985782088,-0.05126612795106167,smic_h,smic,HK-share,HKEX,HKD,86.0,89.45,83.15,85.2,84.4,0.8,0.9479,192709679,,1,84.4,0.8,0.9479,0,107211.70421105789
20260528,2026-05-28,00981.HK,84.95,92.5,84.3,88.25,8.200000000000003,5.062944923132653,4.897836761192266,93.0,65.2,False,False,False,83.29678377619531,1,1,119.92278716151286,91497.95379896152,HOLD,,,,,0.0,0.0,0.0,102081.13976596502,0.003595960786550112,172700.58708414872,0.035798122065727744,-0.04785451815030184,smic_h,smic,HK-share,HKEX,HKD,84.95,92.5,84.3,88.25,85.2,3.05,3.5798,264369889,,1,85.2,3.05,3.5798,0,107211.70421105789
20260529,2026-05-29,00981.HK,88.5,89.65,80.8,81.6,8.850000000000009,5.252297676976021,5.062944923132653,93.0,65.2,False,False,True,83.29678377619531,1,1,119.92278716151286,91497.95379896152,HOLD,,,,,0.0,0.0,0.0,101283.65323134097,-0.007812280862580456,159686.88845401173,-0.07535410764872519,-0.05529294607654878,smic_h,smic,HK-share,HKEX,HKD,88.5,89.65,80.8,81.6,88.25,-6.65,-7.5354,214921589,,1,88.25,-6.65,-7.5354,0,107211.70421105789
20260601,2026-06-01,00981.HK,81.3,84.3,78.55,79.45,5.75,5.27718279312722,5.252297676976021,93.0,65.2,False,False,False,,0,0,0.0,101233.05668615947,SELL,2N stop loss,2026-05-29,2026-06-01,81.25935,9744.847734932879,9.744847734932879,4.874861298115498,101233.05668615947,-0.0004995529245566122,155479.45205479453,-0.02634803921568618,-0.055764877248185574,smic_h,smic,HK-share,HKEX,HKD,81.3,84.3,78.55,79.45,81.6,-2.15,-2.6348,140374235,,1,81.6,-2.15,-2.6348,0,107211.70421105789
20260602,2026-06-02,00981.HK,79.85,83.4,79.15,81.95,4.25,5.225823653470859,5.27718279312722,93.0,65.2,False,False,False,,0,0,0.0,101233.05668615947,HOLD,,,,,0.0,0.0,0.0,101233.05668615947,0.0,160371.81996086106,0.03146633102580232,-0.055764877248185574,smic_h,smic,HK-share,HKEX,HKD,79.85,83.4,79.15,81.95,79.45,2.5,3.1466,104037549,,1,79.45,2.5,3.1466,0,107211.70421105789
20260603,2026-06-03,00981.HK,83.05,85.8,81.9,82.95,3.8999999999999915,5.159532470797315,5.225823653470859,93.0,65.2,False,False,False,,0,0,0.0,101233.05668615947,HOLD,,,,,0.0,0.0,0.0,101233.05668615947,0.0,162328.76712328766,0.01220256253813301,-0.055764877248185574,smic_h,smic,HK-share,HKEX,HKD,83.05,85.8,81.9,82.95,81.95,1.0,1.2203,111192799,,1,81.95,1.0,1.2203,0,107211.70421105789
20260604,2026-06-04,00981.HK,81.65,84.75,80.0,81.5,4.75,5.13905584725745,5.159532470797315,93.0,67.6,False,False,False,,0,0,0.0,101233.05668615947,HOLD,,,,,0.0,0.0,0.0,101233.05668615947,0.0,159491.19373776906,-0.01748040988547317,-0.055764877248185574,smic_h,smic,HK-share,HKEX,HKD,81.65,84.75,80.0,81.5,82.95,-1.45,-1.748,100629284,,1,82.95,-1.45,-1.748,0,107211.70421105789
20260605,2026-06-05,00981.HK,80.8,81.45,75.35,75.65,6.150000000000006,5.189603054894578,5.13905584725745,93.0,73.5,False,False,False,,0,0,0.0,101233.05668615947,HOLD,,,,,0.0,0.0,0.0,101233.05668615947,0.0,148043.0528375734,-0.07177914110429429,-0.055764877248185574,smic_h,smic,HK-share,HKEX,HKD,80.8,81.45,75.35,75.65,81.5,-5.85,-7.1779,192990499,,1,81.5,-5.85,-7.1779,0,107211.70421105789
20260608,2026-06-08,00981.HK,73.0,76.1,71.15,72.55,4.949999999999989,5.177622902149848,5.189603054894578,93.0,73.6,False,True,False,,0,0,0.0,101233.05668615947,HOLD,,,,,0.0,0.0,0.0,101233.05668615947,0.0,141976.51663405087,-0.04097818902842054,-0.055764877248185574,smic_h,smic,HK-share,HKEX,HKD,73.0,76.1,71.15,72.55,75.65,-3.1,-4.0978,140624827,,1,75.65,-3.1,-4.0978,-1,107211.70421105789
20260609,2026-06-09,00981.HK,73.0,76.8,71.6,75.0,5.200000000000003,5.1787417570423555,5.177622902149848,93.0,71.15,False,False,False,,0,0,0.0,101233.05668615947,HOLD,,,,,0.0,0.0,0.0,101233.05668615947,0.0,146771.03718199607,0.03376981392143352,-0.055764877248185574,smic_h,smic,HK-share,HKEX,HKD,73.0,76.8,71.6,75.0,72.55,2.45,3.377,96331167,,1,72.55,2.45,3.377,0,107211.70421105789
20260610,2026-06-10,00981.HK,74.05,77.8,71.05,72.35,6.75,5.257304669190238,5.1787417570423555,93.0,71.15,False,False,False,,0,0,0.0,101233.05668615947,HOLD,,,,,0.0,0.0,0.0,101233.05668615947,0.0,141585.12720156554,-0.03533333333333333,-0.055764877248185574,smic_h,smic,HK-share,HKEX,HKD,74.05,77.8,71.05,72.35,75.0,-2.65,-3.5333,108384523,,1,75.0,-2.65,-3.5333,0,107211.70421105789
20260611,2026-06-11,00981.HK,72.3,73.55,70.5,73.3,3.049999999999997,5.146939435730726,5.257304669190238,93.0,71.05,False,False,False,,0,0,0.0,101233.05668615947,HOLD,,,,,0.0,0.0,0.0,101233.05668615947,0.0,143444.22700587084,0.013130615065653162,-0.055764877248185574,smic_h,smic,HK-share,HKEX,HKD,72.3,73.55,70.5,73.3,72.35,0.95,1.3131,80335506,,1,72.35,0.95,1.3131,0,107211.70421105789
20260612,2026-06-12,00981.HK,75.55,77.0,71.3,71.65,5.700000000000003,5.174592463944189,5.146939435730726,93.0,70.5,False,False,False,,0,0,0.0,101233.05668615947,HOLD,,,,,0.0,0.0,0.0,101233.05668615947,0.0,140215.26418786694,-0.022510231923601576,-0.055764877248185574,smic_h,smic,HK-share,HKEX,HKD,75.55,77.0,71.3,71.65,73.3,-1.65,-2.251,101440814,,1,73.3,-1.65,-2.251,0,107211.70421105789
20260615,2026-06-15,00981.HK,74.0,76.95,72.65,76.65,5.299999999999997,5.18086284074698,5.174592463944189,93.0,70.5,False,False,False,,0,0,0.0,101233.05668615947,HOLD,,,,,0.0,0.0,0.0,101233.05668615947,0.0,150000.0,0.0697836706210746,-0.055764877248185574,smic_h,smic,HK-share,HKEX,HKD,74.0,76.95,72.65,76.65,71.65,5.0,6.9784,99265387,,1,71.65,5.0,6.9784,0,107211.70421105789
20260616,2026-06-16,00981.HK,77.45,77.95,72.95,74.0,5.0,5.171819698709631,5.18086284074698,93.0,70.5,False,False,False,,0,0,0.0,101233.05668615947,HOLD,,,,,0.0,0.0,0.0,101233.05668615947,0.0,144814.09001956947,-0.03457273320287024,-0.055764877248185574,smic_h,smic,HK-share,HKEX,HKD,77.45,77.95,72.95,74.0,76.65,-2.65,-3.4573,74473870,,1,76.65,-2.65,-3.4573,0,107211.70421105789
20260617,2026-06-17,00981.HK,73.0,76.5,72.4,75.75,4.099999999999994,5.118228713774149,5.171819698709631,93.0,70.5,False,False,False,,0,0,0.0,101233.05668615947,HOLD,,,,,0.0,0.0,0.0,101233.05668615947,0.0,148238.74755381604,0.023648648648648685,-0.055764877248185574,smic_h,smic,HK-share,HKEX,HKD,73.0,76.5,72.4,75.75,74.0,1.75,2.3649,97501973,,1,74.0,1.75,2.3649,0,107211.70421105789
20260618,2026-06-18,00981.HK,76.1,79.45,73.75,76.5,5.700000000000003,5.147317278085442,5.118228713774149,93.0,70.5,False,False,False,,0,0,0.0,101233.05668615947,HOLD,,,,,0.0,0.0,0.0,101233.05668615947,0.0,149706.457925636,0.00990099009900991,-0.055764877248185574,smic_h,smic,HK-share,HKEX,HKD,76.1,79.45,73.75,76.5,75.75,0.75,0.9901,203554119,,1,75.75,0.75,0.9901,0,107211.70421105789
20260622,2026-06-22,00981.HK,78.8,82.4,77.15,78.9,5.900000000000006,5.18495141418117,5.147317278085442,93.0,70.5,False,False,False,,0,0,0.0,101233.05668615947,HOLD,,,,,0.0,0.0,0.0,101233.05668615947,0.0,154403.1311154599,0.031372549019607954,-0.055764877248185574,smic_h,smic,HK-share,HKEX,HKD,78.8,82.4,77.15,78.9,76.5,2.4,3.1373,171994651,,1,76.5,2.4,3.1373,0,107211.70421105789
20260623,2026-06-23,00981.HK,79.2,84.1,76.5,77.85,7.599999999999994,5.305703843472111,5.18495141418117,93.0,70.5,False,False,False,,0,0,0.0,101233.05668615947,HOLD,,,,,0.0,0.0,0.0,101233.05668615947,0.0,152348.3365949119,-0.013307984790874805,-0.055764877248185574,smic_h,smic,HK-share,HKEX,HKD,79.2,84.1,76.5,77.85,78.9,-1.05,-1.3308,182963530,,1,78.9,-1.05,-1.3308,0,107211.70421105789
20260624,2026-06-24,00981.HK,77.6,86.45,77.6,84.8,8.850000000000009,5.482918651298506,5.305703843472111,93.0,70.5,False,False,False,,0,0,0.0,101233.05668615947,HOLD,,,,,0.0,0.0,0.0,101233.05668615947,0.0,165949.1193737769,0.08927424534360973,-0.055764877248185574,smic_h,smic,HK-share,HKEX,HKD,77.6,86.45,77.6,84.8,77.85,6.95,8.9274,218098916,,1,77.85,6.95,8.9274,0,107211.70421105789
20260625,2026-06-25,00981.HK,87.4,88.7,83.8,86.0,4.900000000000006,5.453772718733581,5.482918651298506,92.5,70.5,False,False,False,,0,0,0.0,101233.05668615947,HOLD,,,,,0.0,0.0,0.0,101233.05668615947,0.0,168297.45596868885,0.014150943396226578,-0.055764877248185574,smic_h,smic,HK-share,HKEX,HKD,87.4,88.7,83.8,86.0,84.8,1.2,1.4151,127969567,,1,84.8,1.2,1.4151,0,107211.70421105789
20260626,2026-06-26,00981.HK,84.5,85.25,79.05,80.0,6.950000000000003,5.528584082796902,5.453772718733581,92.5,70.5,False,False,False,,0,0,0.0,101233.05668615947,HOLD,,,,,0.0,0.0,0.0,101233.05668615947,0.0,156555.77299412916,-0.06976744186046513,-0.055764877248185574,smic_h,smic,HK-share,HKEX,HKD,84.5,85.25,79.05,80.0,86.0,-6.0,-6.9767,142920129,,1,86.0,-6.0,-6.9767,0,107211.70421105789
20260629,2026-06-29,00981.HK,79.55,85.8,79.35,84.8,6.450000000000003,5.574654878657057,5.528584082796902,89.65,71.3,False,False,False,,0,0,0.0,101233.05668615947,HOLD,,,,,0.0,0.0,0.0,101233.05668615947,0.0,165949.1193737769,0.05999999999999983,-0.055764877248185574,smic_h,smic,HK-share,HKEX,HKD,79.55,85.8,79.35,84.8,80.0,4.8,6.0,124513219,,1,80.0,4.8,6.0,0,107211.70421105789
20260630,2026-06-30,00981.HK,84.6,91.55,84.25,89.4,7.299999999999997,5.6609221347242045,5.574654878657057,88.7,72.4,True,False,False,,0,0,0.0,101233.05668615947,HOLD,,,,,0.0,0.0,0.0,101233.05668615947,0.0,174951.07632093932,0.054245283018867996,-0.055764877248185574,smic_h,smic,HK-share,HKEX,HKD,84.6,91.55,84.25,89.4,84.8,4.6,5.4245,176623921,,1,84.8,4.6,5.4245,1,107211.70421105789
20260702,2026-07-02,00981.HK,84.1,84.2,78.55,80.4,10.850000000000009,5.920376027987994,5.6609221347242045,91.55,72.4,False,False,False,72.99274024268587,1,1,90.79759993191423,93585.520596615,BUY,20-day high breakout,2026-06-30,2026-07-02,84.14204999999998,7639.896193351123,7.639896193351123,3.8180390771369934,100885.6476311409,-0.0034317748212977506,157338.55185909983,-0.10067114093959706,-0.05900527956783019,smic_h,smic,HK-share,HKEX,HKD,84.1,84.2,78.55,80.4,89.4,-9.0,-10.0671,178219425,,1,89.4,-9.0,-10.0671,0,107211.70421105789
20260703,2026-07-03,00981.HK,80.0,81.45,76.45,77.6,5.0,5.874357226588595,5.920376027987994,91.55,72.4,False,False,False,72.99274024268587,1,1,90.79759993191423,93585.520596615,HOLD,,,,,0.0,0.0,0.0,100631.41435133154,-0.002520014350692379,151859.09980430527,-0.034825870646766455,-0.061376599767244966,smic_h,smic,HK-share,HKEX,HKD,80.0,81.45,76.45,77.6,80.4,-2.8,-3.4826,124054283,,1,80.4,-2.8,-3.4826,0,107211.70421105789
